1,10.jpg,1280,720,1120,jack,623.0,398.0,695.0,577.0,0.678939938545227
2,100.jpg,1280,720,2000,bicycle,912.0,192.0,1088.0,430.0,0.943432629108429
3,100.jpg,1280,720,2000,bicycle,728.0,244.0,1039.0,470.0,0.9537603259086609
4,100.jpg,1280,720,1120,jack,0.0,7.0,160.0,173.0,0.9687273502349854
5,100.jpg,1280,720,1135,spring_post,276.0,51.0,315.0,174.0,0.9701319336891174
6,100.jpg,1280,720,2000,bicycle,1062.0,251.0,1253.0,514.0,0.974261999130249
7,100.jpg,1280,720,1110,dolly,0.0,451.0,328.0,668.0,0.9875233769416809
8,101.jpg,1280,720,1110,dolly,256.0,638.0,329.0,720.0,0.7428077459335327
9,102.jpg,1280,720,1135,spring_post,224.0,316.0,273.0,470.0,0.9776708483695984
10,103.jpg,1280,720,1135,spring_post,85.0,447.0,129.0,580.0,0.9695144295692444
11,104.jpg,1280,720,2000,bicycle,638.0,136.0,968.0,360.0,0.9544732570648193
12,104.jpg,1280,720,2000,bicycle,963.0,155.0,1067.0,365.0,0.976067066192627
13,104.jpg,1280,720,1110,dolly,0.0,398.0,308.0,661.0,0.9881647825241089
14,105.jpg,1280,720,1135,spring_post,151.0,302.0,205.0,466.0,0.9722715616226196
15,105.jpg,1280,720,1110,dolly,932.0,412.0,1280.0,654.0,0.986246645450592
16,106.jpg,1280,720,1110,dolly,929.0,476.0,1036.0,545.0,0.49304506182670593
17,106.jpg,1280,720,1110,dolly,686.0,406.0,900.0,477.0,0.9027803540229797
18,106.jpg,1280,720,1110,dolly,968.0,481.0,1219.0,600.0,0.9397516846656799
19,106.jpg,1280,720,1135,spring_post,389.0,360.0,431.0,494.0,0.9620831608772278
20,107.jpg,1280,720,1110,dolly,175.0,544.0,492.0,720.0,0.8243566751480103
21,107.jpg,1280,720,1120,jack,629.0,242.0,735.0,460.0,0.9078187942504883
22,107.jpg,1280,720,1110,dolly,173.0,408.0,487.0,609.0,0.909668505191803
23,107.jpg,1280,720,1120,jack,578.0,217.0,636.0,355.0,0.9474103450775146
24,107.jpg,1280,720,1135,spring_post,830.0,239.0,865.0,350.0,0.9630838632583618
25,107.jpg,1280,720,1120,jack,400.0,256.0,469.0,416.0,0.9795898795127869
26,108.jpg,1280,720,1135,spring_post,712.0,338.0,764.0,503.0,0.9016459584236145
27,108.jpg,1280,720,1110,dolly,0.0,303.0,672.0,641.0,0.9685637354850769
28,109.jpg,1280,720,1110,dolly,26.0,630.0,103.0,720.0,0.5851848125457764
29,109.jpg,1280,720,1110,dolly,0.0,397.0,89.0,717.0,0.8997205495834351
30,109.jpg,1280,720,1120,jack,552.0,226.0,615.0,409.0,0.9375976920127869
31,109.jpg,1280,720,1135,spring_post,1053.0,262.0,1108.0,431.0,0.9772243499755859
32,109.jpg,1280,720,1120,jack,660.0,264.0,845.0,582.0,0.9773029088973999
33,109.jpg,1280,720,1110,dolly,151.0,554.0,613.0,719.0,0.9845125079154968
34,109.jpg,1280,720,1120,jack,608.0,229.0,759.0,465.0,0.9873510599136353
35,11.jpg,1280,720,1120,jack,641.0,388.0,955.0,619.0,0.9887858629226685
36,110.jpg,1280,720,1135,spring_post,31.0,320.0,99.0,522.0,0.9840477108955383
37,111.jpg,1280,720,1110,dolly,1059.0,118.0,1200.0,180.0,0.8380457162857056
38,111.jpg,1280,720,1135,spring_post,499.0,40.0,537.0,159.0,0.9163956046104431
39,111.jpg,1280,720,1110,dolly,1112.0,402.0,1280.0,605.0,0.9385583400726318
40,111.jpg,1280,720,1110,dolly,816.0,31.0,953.0,130.0,0.9725709557533264
41,112.jpg,1280,720,2000,bicycle,1046.0,250.0,1280.0,411.0,0.951063334941864
42,112.jpg,1280,720,1120,jack,0.0,236.0,72.0,459.0,0.9663257598876953
43,112.jpg,1280,720,1135,spring_post,204.0,253.0,249.0,394.0,0.9687040448188782
44,112.jpg,1280,720,1110,dolly,549.0,480.0,788.0,688.0,0.9897841215133667
45,113.jpg,1280,720,1120,jack,0.0,14.0,159.0,306.0,0.8601362705230713
46,113.jpg,1280,720,1135,spring_post,309.0,27.0,365.0,204.0,0.9781901836395264
47,113.jpg,1280,720,1110,dolly,833.0,527.0,1155.0,720.0,0.9828574061393738
48,114.jpg,1280,720,1120,jack,1051.0,421.0,1280.0,706.0,0.8682580590248108
49,114.jpg,1280,720,1110,dolly,9.0,523.0,304.0,717.0,0.8850803375244141
50,114.jpg,1280,720,1110,dolly,575.0,603.0,864.0,720.0,0.8873371481895447
51,115.jpg,1280,720,1110,dolly,0.0,120.0,317.0,351.0,0.9842795133590698
52,115.jpg,1280,720,1110,dolly,953.0,140.0,1280.0,386.0,0.9914231896400452
53,116.jpg,1280,720,1110,dolly,538.0,635.0,888.0,720.0,0.9580509662628174
54,116.jpg,1280,720,1110,dolly,752.0,68.0,995.0,327.0,0.9885901808738708
55,117.jpg,1280,720,1110,dolly,916.0,327.0,1168.0,479.0,0.804818868637085
56,117.jpg,1280,720,1110,dolly,817.0,293.0,1047.0,423.0,0.8893944621086121
57,117.jpg,1280,720,1110,dolly,131.0,263.0,301.0,375.0,0.9452304244041443
58,117.jpg,1280,720,1120,jack,51.0,182.0,457.0,419.0,0.95818692445755
59,117.jpg,1280,720,1110,dolly,1039.0,377.0,1280.0,553.0,0.959890604019165
60,117.jpg,1280,720,1110,dolly,354.0,253.0,603.0,357.0,0.97078537940979
61,117.jpg,1280,720,1120,jack,441.0,175.0,802.0,379.0,0.9894006252288818
62,118.jpg,1280,720,1110,dolly,4.0,552.0,464.0,719.0,0.4752194881439209
63,118.jpg,1280,720,1120,jack,529.0,310.0,891.0,500.0,0.5595239996910095
64,118.jpg,1280,720,1110,dolly,981.0,494.0,1118.0,652.0,0.7528294324874878
65,118.jpg,1280,720,1110,dolly,898.0,443.0,1009.0,574.0,0.8064469695091248
66,118.jpg,1280,720,1120,jack,0.0,455.0,465.0,717.0,0.8239752054214478
67,118.jpg,1280,720,1110,dolly,256.0,376.0,398.0,492.0,0.9568997025489807
68,118.jpg,1280,720,1110,dolly,1089.0,560.0,1280.0,720.0,0.9793915152549744
69,118.jpg,1280,720,1110,dolly,472.0,324.0,686.0,418.0,0.9826881885528564
70,119.jpg,1280,720,1110,dolly,802.0,373.0,1135.0,479.0,0.8518231511116028
71,119.jpg,1280,720,1120,jack,525.0,222.0,1046.0,562.0,0.953169584274292
72,119.jpg,1280,720,1110,dolly,518.0,379.0,803.0,513.0,0.9731323719024658
73,121.jpg,1280,720,1110,dolly,473.0,358.0,959.0,720.0,0.9793477058410645
74,121.jpg,1280,720,1110,dolly,1.0,197.0,395.0,542.0,0.9871878027915955
75,122.jpg,1280,720,4000,exit_sign,110.0,1.0,214.0,155.0,0.5555330514907837
76,122.jpg,1280,720,1110,dolly,66.0,277.0,442.0,460.0,0.9236388206481934
77,122.jpg,1280,720,1110,dolly,1120.0,425.0,1280.0,551.0,0.9344492554664612
78,122.jpg,1280,720,1120,jack,618.0,298.0,735.0,575.0,0.9467873573303223
79,122.jpg,1280,720,1110,dolly,870.0,430.0,1092.0,546.0,0.9825358390808105
80,122.jpg,1280,720,1110,dolly,1.0,454.0,298.0,689.0,0.9867953062057495
81,123.jpg,1280,720,1120,jack,169.0,381.0,263.0,547.0,0.9153125286102295
82,123.jpg,1280,720,1110,dolly,1173.0,541.0,1280.0,720.0,0.9377567172050476
83,123.jpg,1280,720,1110,dolly,622.0,555.0,1232.0,720.0,0.9795659184455872
84,123.jpg,1280,720,1110,dolly,0.0,553.0,505.0,720.0,0.9879086017608643
85,124.jpg,1280,720,1110,dolly,393.0,301.0,541.0,366.0,0.8511518836021423
86,124.jpg,1280,720,1110,dolly,412.0,346.0,685.0,484.0,0.9006946682929993
87,124.jpg,1280,720,1120,jack,606.0,138.0,1280.0,720.0,0.9248771071434021
88,124.jpg,1280,720,1110,dolly,0.0,307.0,68.0,387.0,0.95721036195755
89,124.jpg,1280,720,1110,dolly,551.0,374.0,902.0,536.0,0.9735586047172546
90,124.jpg,1280,720,1110,dolly,125.0,353.0,372.0,505.0,0.9800405502319336
91,125.jpg,1280,720,1110,dolly,790.0,6.0,1180.0,142.0,0.8481159806251526
92,125.jpg,1280,720,1110,dolly,0.0,116.0,316.0,326.0,0.9317323565483093
93,125.jpg,1280,720,1110,dolly,275.0,37.0,820.0,415.0,0.9864617586135864
94,125.jpg,1280,720,1110,dolly,801.0,53.0,1279.0,528.0,0.9900687336921692
95,126.jpg,1280,720,1110,dolly,0.0,113.0,306.0,510.0,0.8969525694847107
96,127.jpg,1280,720,1135,spring_post,1074.0,253.0,1152.0,378.0,0.5682190656661987
97,127.jpg,1280,720,1110,dolly,212.0,517.0,440.0,720.0,0.9263999462127686
98,128.jpg,1280,720,1110,dolly,541.0,398.0,697.0,465.0,0.7479119300842285
99,128.jpg,1280,720,1110,dolly,454.0,384.0,594.0,446.0,0.8208398818969727
100,128.jpg,1280,720,1110,dolly,104.0,368.0,267.0,446.0,0.9244862198829651
101,128.jpg,1280,720,1110,dolly,1165.0,503.0,1280.0,594.0,0.9351072311401367
102,128.jpg,1280,720,1110,dolly,1012.0,464.0,1196.0,563.0,0.9522811770439148
103,128.jpg,1280,720,1120,jack,6.0,333.0,252.0,522.0,0.9564676880836487
104,128.jpg,1280,720,1110,dolly,98.0,280.0,264.0,376.0,0.959492564201355
105,128.jpg,1280,720,1110,dolly,634.0,405.0,796.0,484.0,0.9647800922393799
106,128.jpg,1280,720,1120,jack,213.0,308.0,418.0,462.0,0.9677689075469971
107,128.jpg,1280,720,1110,dolly,0.0,413.0,125.0,490.0,0.9710403084754944
108,128.jpg,1280,720,1110,dolly,309.0,617.0,373.0,709.0,0.9722410440444946
109,129.jpg,1280,720,1110,dolly,932.0,1.0,1064.0,40.0,0.6012924909591675
110,129.jpg,1280,720,1110,dolly,748.0,1.0,930.0,73.0,0.9197704195976257
111,129.jpg,1280,720,1110,dolly,517.0,1.0,757.0,101.0,0.9198047518730164
112,129.jpg,1280,720,1110,dolly,59.0,512.0,614.0,719.0,0.9779414534568787
113,129.jpg,1280,720,1120,jack,388.0,0.0,546.0,365.0,0.9782469868659973
114,129.jpg,1280,720,1110,dolly,1.0,30.0,364.0,406.0,0.9854543209075928
115,130.jpg,1280,720,1120,jack,18.0,195.0,79.0,345.0,0.5978689193725586
116,130.jpg,1280,720,1120,jack,89.0,269.0,303.0,529.0,0.8904876708984375
117,130.jpg,1280,720,1110,dolly,919.0,387.0,1119.0,557.0,0.902380645275116
118,130.jpg,1280,720,1110,dolly,309.0,315.0,462.0,390.0,0.9554253816604614
119,130.jpg,1280,720,1110,dolly,166.0,309.0,322.0,388.0,0.9655559062957764
120,130.jpg,1280,720,1110,dolly,906.0,310.0,1065.0,394.0,0.9721696972846985
121,130.jpg,1280,720,1110,dolly,450.0,309.0,594.0,391.0,0.9752119779586792
122,130.jpg,1280,720,1110,dolly,607.0,386.0,852.0,556.0,0.982832670211792
123,130.jpg,1280,720,1110,dolly,1045.0,441.0,1280.0,648.0,0.9845205545425415
124,131.jpg,1280,720,1110,dolly,311.0,515.0,465.0,590.0,0.8702486157417297
125,131.jpg,1280,720,1110,dolly,448.0,514.0,630.0,590.0,0.8883084058761597
126,131.jpg,1280,720,1110,dolly,638.0,456.0,1017.0,604.0,0.9221122860908508
127,131.jpg,1280,720,1110,dolly,1131.0,419.0,1279.0,612.0,0.9345296025276184
128,131.jpg,1280,720,1120,jack,0.0,234.0,319.0,604.0,0.9766215682029724
129,132.jpg,1280,720,1110,dolly,1002.0,282.0,1280.0,476.0,0.9058184623718262
130,132.jpg,1280,720,1120,jack,261.0,279.0,588.0,720.0,0.9777050018310547
131,132.jpg,1280,720,1110,dolly,180.0,175.0,582.0,417.0,0.9839648604393005
132,132.jpg,1280,720,1110,dolly,0.0,499.0,295.0,720.0,0.9866865277290344
133,133.jpg,1280,720,1120,jack,496.0,276.0,745.0,524.0,0.98504239320755
134,134.jpg,1280,720,1110,dolly,0.0,487.0,229.0,720.0,0.9786052703857422
135,135.jpg,1280,720,1120,jack,191.0,397.0,255.0,491.0,0.9068135619163513
136,135.jpg,1280,720,1110,dolly,0.0,532.0,193.0,614.0,0.9717757105827332
137,136.jpg,1280,720,1120,jack,833.0,666.0,942.0,720.0,0.8203974962234497
138,137.jpg,1280,720,1110,dolly,886.0,224.0,1143.0,378.0,0.9255509376525879
139,137.jpg,1280,720,1110,dolly,888.0,172.0,1146.0,271.0,0.9359081983566284
140,137.jpg,1280,720,1110,dolly,969.0,292.0,1280.0,454.0,0.9380975961685181
141,137.jpg,1280,720,1120,jack,747.0,222.0,1140.0,718.0,0.9754326343536377
142,138.jpg,1280,720,1110,dolly,964.0,610.0,1280.0,719.0,0.7430980801582336
143,138.jpg,1280,720,1110,dolly,1.0,157.0,265.0,499.0,0.979649543762207
144,138.jpg,1280,720,1110,dolly,102.0,176.0,587.0,602.0,0.9899268746376038
145,138.jpg,1280,720,1110,dolly,516.0,265.0,928.0,720.0,0.9938138127326965
146,139.jpg,1280,720,1120,jack,172.0,412.0,384.0,551.0,0.8159826397895813
147,139.jpg,1280,720,1110,dolly,347.0,455.0,523.0,513.0,0.9064409136772156
148,139.jpg,1280,720,1120,jack,348.0,414.0,641.0,551.0,0.9188147187232971
149,139.jpg,1280,720,1110,dolly,804.0,494.0,1280.0,710.0,0.9343944787979126
150,139.jpg,1280,720,1110,dolly,345.0,487.0,522.0,548.0,0.9393748641014099
151,14.jpg,1280,720,1120,jack,563.0,405.0,622.0,543.0,0.6336745619773865
152,140.jpg,1280,720,1110,dolly,804.0,3.0,1018.0,208.0,0.9303604960441589
153,140.jpg,1280,720,1110,dolly,974.0,109.0,1280.0,367.0,0.9829100966453552
154,140.jpg,1280,720,1110,dolly,467.0,1.0,761.0,234.0,0.9866401553153992
155,141.jpg,1280,720,1110,dolly,1120.0,288.0,1280.0,406.0,0.8879696130752563
156,141.jpg,1280,720,1110,dolly,251.0,231.0,604.0,391.0,0.9013586044311523
157,141.jpg,1280,720,1110,dolly,767.0,287.0,1062.0,435.0,0.9104335308074951
158,141.jpg,1280,720,1110,dolly,249.0,158.0,631.0,287.0,0.9597595930099487
159,141.jpg,1280,720,1110,dolly,142.0,331.0,678.0,614.0,0.9874799847602844
160,141.jpg,1280,720,1110,dolly,449.0,319.0,907.0,499.0,0.990612268447876
161,142.jpg,1280,720,1110,dolly,603.0,490.0,858.0,662.0,0.9722350835800171
162,142.jpg,1280,720,1110,dolly,857.0,493.0,1105.0,680.0,0.9811304211616516
163,142.jpg,1280,720,1110,dolly,362.0,483.0,644.0,646.0,0.9841225743293762
164,142.jpg,1280,720,1120,jack,0.0,373.0,239.0,720.0,0.9849675893783569
165,143.jpg,1280,720,1120,jack,456.0,194.0,716.0,720.0,0.5943576097488403
166,143.jpg,1280,720,1110,dolly,908.0,478.0,1103.0,720.0,0.6876170635223389
167,143.jpg,1280,720,1110,dolly,673.0,199.0,1276.0,606.0,0.7754960656166077
168,143.jpg,1280,720,1110,dolly,543.0,50.0,1143.0,348.0,0.9674121141433716
169,144.jpg,1280,720,1110,dolly,1196.0,484.0,1280.0,696.0,0.7837666869163513
170,144.jpg,1280,720,1120,jack,374.0,386.0,485.0,640.0,0.9290529489517212
171,145.jpg,1280,720,1120,jack,312.0,2.0,811.0,394.0,0.9833772778511047
172,148.jpg,1280,720,1110,dolly,584.0,524.0,891.0,691.0,0.9813997149467468
173,148.jpg,1280,720,1110,dolly,1001.0,538.0,1280.0,720.0,0.9837996959686279
174,149.jpg,1280,720,1110,dolly,1245.0,31.0,1280.0,116.0,0.8567292094230652
175,149.jpg,1280,720,1120,jack,638.0,211.0,727.0,475.0,0.8708850145339966
176,149.jpg,1280,720,1110,dolly,0.0,1.0,175.0,74.0,0.9617012739181519
177,149.jpg,1280,720,1120,jack,13.0,35.0,414.0,245.0,0.9759137630462646
178,150.jpg,1280,720,1120,jack,663.0,380.0,841.0,638.0,0.8286665678024292
179,150.jpg,1280,720,1120,jack,599.0,298.0,888.0,479.0,0.8621975779533386
180,150.jpg,1280,720,1110,dolly,737.0,342.0,914.0,403.0,0.9528843760490417
181,151.jpg,1280,720,1120,jack,679.0,109.0,845.0,254.0,0.6429080963134766
182,151.jpg,1280,720,1110,dolly,1022.0,262.0,1170.0,355.0,0.8199489712715149
183,151.jpg,1280,720,1110,dolly,1032.0,187.0,1204.0,276.0,0.9355810880661011
184,151.jpg,1280,720,1120,jack,8.0,354.0,558.0,720.0,0.9691019654273987
185,152.jpg,1280,720,1110,dolly,1167.0,536.0,1280.0,629.0,0.7068566083908081
186,152.jpg,1280,720,1110,dolly,606.0,500.0,813.0,595.0,0.9391009211540222
187,152.jpg,1280,720,1110,dolly,491.0,529.0,725.0,651.0,0.9788462519645691
188,153.jpg,1280,720,1110,dolly,1.0,294.0,112.0,555.0,0.7164514660835266
189,153.jpg,1280,720,1110,dolly,86.0,181.0,252.0,380.0,0.922674298286438
190,153.jpg,1280,720,1110,dolly,812.0,182.0,901.0,380.0,0.9792450666427612
191,154.jpg,1280,720,1110,dolly,477.0,150.0,588.0,236.0,0.932481050491333
192,154.jpg,1280,720,1110,dolly,0.0,300.0,69.0,458.0,0.9560593962669373
193,154.jpg,1280,720,1110,dolly,475.0,296.0,677.0,386.0,0.9607053399085999
194,154.jpg,1280,720,1135,spring_post,365.0,249.0,416.0,398.0,0.9628577828407288
195,154.jpg,1280,720,1135,spring_post,252.0,248.0,301.0,400.0,0.9709414839744568
196,154.jpg,1280,720,1110,dolly,1076.0,304.0,1280.0,467.0,0.9820950031280518
197,155.jpg,1280,720,1135,spring_post,744.0,590.0,766.0,719.0,0.9079383015632629
198,155.jpg,1280,720,1135,spring_post,683.0,575.0,731.0,718.0,0.9660626649856567
199,155.jpg,1280,720,1135,spring_post,636.0,560.0,678.0,694.0,0.972533643245697
200,156.jpg,1280,720,1135,spring_post,232.0,419.0,256.0,489.0,0.46183979511260986
201,156.jpg,1280,720,1135,spring_post,232.0,420.0,274.0,589.0,0.8277623057365417
202,156.jpg,1280,720,1135,spring_post,136.0,409.0,163.0,516.0,0.9374006390571594
203,156.jpg,1280,720,1135,spring_post,311.0,427.0,362.0,604.0,0.9497148990631104
204,157.jpg,1280,720,1135,spring_post,213.0,261.0,247.0,352.0,0.8242732882499695
205,157.jpg,1280,720,1135,spring_post,245.0,266.0,276.0,357.0,0.9109707474708557
206,157.jpg,1280,720,1135,spring_post,175.0,254.0,204.0,342.0,0.9122467041015625
207,158.jpg,1280,720,1135,spring_post,807.0,317.0,932.0,670.0,0.9466714262962341
208,158.jpg,1280,720,1135,spring_post,701.0,338.0,799.0,642.0,0.9799887537956238
209,158.jpg,1280,720,1135,spring_post,937.0,295.0,1072.0,706.0,0.9820227026939392
210,159.jpg,1280,720,1110,dolly,433.0,544.0,1157.0,720.0,0.9053792953491211
211,160.jpg,1280,720,1110,dolly,31.0,405.0,346.0,574.0,0.9811538457870483
212,163.jpg,1280,720,1110,dolly,950.0,316.0,1222.0,366.0,0.48910048604011536
213,164.jpg,1280,720,1110,dolly,0.0,399.0,59.0,476.0,0.8847011923789978
214,164.jpg,1280,720,1110,dolly,753.0,365.0,1079.0,498.0,0.9425955414772034
215,165.jpg,1280,720,1110,dolly,191.0,278.0,263.0,399.0,0.7458657622337341
216,165.jpg,1280,720,1110,dolly,857.0,624.0,911.0,719.0,0.9658347368240356
217,167.jpg,1280,720,1110,dolly,780.0,658.0,1030.0,720.0,0.9420292973518372
218,167.jpg,1280,720,1110,dolly,917.0,642.0,1113.0,720.0,0.9422380328178406
219,168.jpg,1280,720,1135,spring_post,224.0,357.0,262.0,493.0,0.9296741485595703
220,168.jpg,1280,720,1120,jack,171.0,552.0,280.0,720.0,0.9878635406494141
221,169.jpg,1280,720,1120,jack,1136.0,451.0,1217.0,713.0,0.5322921872138977
222,169.jpg,1280,720,1110,dolly,97.0,380.0,301.0,450.0,0.7406826615333557
223,169.jpg,1280,720,1110,dolly,0.0,289.0,137.0,388.0,0.7603650093078613
224,169.jpg,1280,720,1110,dolly,1.0,251.0,203.0,344.0,0.8881869912147522
225,169.jpg,1280,720,1135,spring_post,1204.0,332.0,1238.0,439.0,0.9403076171875
226,169.jpg,1280,720,1110,dolly,637.0,383.0,705.0,468.0,0.9623995423316956
227,169.jpg,1280,720,1110,dolly,0.0,640.0,312.0,720.0,0.9631747603416443
228,170.jpg,1280,720,1110,dolly,24.0,523.0,133.0,604.0,0.4791015088558197
229,170.jpg,1280,720,1110,dolly,0.0,523.0,60.0,604.0,0.5480976700782776
230,170.jpg,1280,720,1120,jack,312.0,458.0,434.0,581.0,0.5490885376930237
231,170.jpg,1280,720,1120,jack,974.0,339.0,1208.0,666.0,0.9282422065734863
232,170.jpg,1280,720,1110,dolly,401.0,522.0,628.0,608.0,0.946967601776123
233,171.jpg,1280,720,1135,spring_post,1142.0,1.0,1178.0,67.0,0.8225299715995789
234,171.jpg,1280,720,1135,spring_post,1225.0,1.0,1272.0,86.0,0.9516621232032776
235,172.jpg,1280,720,1135,spring_post,216.0,3.0,254.0,107.0,0.6423797607421875
236,173.jpg,1280,720,1110,dolly,0.0,614.0,178.0,697.0,0.9072791934013367
237,173.jpg,1280,720,1110,dolly,295.0,633.0,640.0,719.0,0.9649609327316284
238,174.jpg,1280,720,1120,jack,570.0,565.0,672.0,719.0,0.8173527717590332
239,175.jpg,1280,720,1110,dolly,673.0,270.0,843.0,348.0,0.9509918689727783
240,176.jpg,1280,720,1110,dolly,363.0,339.0,688.0,461.0,0.9832471013069153
241,177.jpg,1280,720,1135,spring_post,184.0,183.0,211.0,272.0,0.8184062242507935
242,177.jpg,1280,720,1135,spring_post,223.0,199.0,254.0,293.0,0.8203779458999634
243,177.jpg,1280,720,1120,jack,975.0,352.0,1280.0,719.0,0.8677975535392761
244,178.jpg,1280,720,1120,jack,947.0,477.0,986.0,539.0,0.6883127689361572
245,179.jpg,1280,720,1110,dolly,703.0,141.0,838.0,195.0,0.6138628721237183
246,179.jpg,1280,720,1110,dolly,1203.0,277.0,1280.0,356.0,0.8483653664588928
247,179.jpg,1280,720,1110,dolly,457.0,334.0,673.0,442.0,0.9226969480514526
248,179.jpg,1280,720,1110,dolly,826.0,240.0,1003.0,318.0,0.9497750997543335
249,179.jpg,1280,720,1110,dolly,591.0,399.0,871.0,525.0,0.954351007938385
250,179.jpg,1280,720,1110,dolly,150.0,264.0,328.0,360.0,0.9642798900604248
251,18.jpg,1280,720,1120,jack,313.0,266.0,401.0,495.0,0.4755590558052063
252,180.jpg,1280,720,1120,jack,221.0,270.0,280.0,322.0,0.4758511483669281
253,180.jpg,1280,720,1110,dolly,390.0,178.0,428.0,327.0,0.8740763068199158
254,180.jpg,1280,720,1110,dolly,680.0,171.0,808.0,255.0,0.9297839999198914
255,180.jpg,1280,720,1110,dolly,1007.0,252.0,1209.0,366.0,0.9693145155906677
256,180.jpg,1280,720,1110,dolly,1204.0,136.0,1280.0,244.0,0.9754685163497925
257,181.jpg,1280,720,1120,jack,0.0,625.0,183.0,720.0,0.48415806889533997
258,181.jpg,1280,720,1110,dolly,742.0,379.0,954.0,470.0,0.9625208973884583
259,181.jpg,1280,720,1120,jack,418.0,344.0,672.0,619.0,0.9845259785652161
260,182.jpg,1280,720,1110,dolly,478.0,402.0,969.0,632.0,0.9646835327148438
261,182.jpg,1280,720,1110,dolly,1020.0,527.0,1280.0,719.0,0.9837502837181091
262,183.jpg,1280,720,1110,dolly,1235.0,464.0,1280.0,500.0,0.6305370330810547
263,183.jpg,1280,720,1120,jack,213.0,359.0,382.0,490.0,0.8480934500694275
264,183.jpg,1280,720,1110,dolly,446.0,389.0,538.0,441.0,0.9096643328666687
265,183.jpg,1280,720,1135,spring_post,1088.0,632.0,1115.0,719.0,0.9498845934867859
266,184.jpg,1280,720,1110,dolly,756.0,134.0,910.0,223.0,0.646307110786438
267,184.jpg,1280,720,1110,dolly,82.0,51.0,219.0,91.0,0.7154476642608643
268,184.jpg,1280,720,1110,dolly,0.0,220.0,113.0,405.0,0.9040842056274414
269,184.jpg,1280,720,1110,dolly,2.0,195.0,216.0,289.0,0.9249197244644165
270,184.jpg,1280,720,1110,dolly,933.0,8.0,1126.0,66.0,0.965890109539032
271,184.jpg,1280,720,1135,spring_post,548.0,65.0,585.0,182.0,0.9749847650527954
272,184.jpg,1280,720,1135,spring_post,632.0,67.0,669.0,187.0,0.9797328114509583
273,184.jpg,1280,720,1110,dolly,985.0,252.0,1251.0,473.0,0.9861714839935303
274,184.jpg,1280,720,1110,dolly,140.0,148.0,386.0,299.0,0.9892008304595947
275,186.jpg,1280,720,1110,dolly,746.0,314.0,934.0,401.0,0.9824218153953552
276,187.jpg,1280,720,1135,spring_post,269.0,364.0,296.0,450.0,0.8185802102088928
277,187.jpg,1280,720,1135,spring_post,288.0,375.0,319.0,467.0,0.9017009139060974
278,187.jpg,1280,720,1120,jack,1068.0,512.0,1280.0,720.0,0.9891589283943176
279,188.jpg,1280,720,1135,spring_post,720.0,408.0,745.0,493.0,0.7178060412406921
280,188.jpg,1280,720,1135,spring_post,735.0,418.0,763.0,509.0,0.933127224445343
281,188.jpg,1280,720,1120,jack,840.0,436.0,1081.0,719.0,0.980428159236908
282,188.jpg,1280,720,1110,dolly,26.0,486.0,264.0,581.0,0.9837906360626221
283,189.jpg,1280,720,1110,dolly,778.0,332.0,990.0,398.0,0.8824691772460938
284,189.jpg,1280,720,1120,jack,545.0,232.0,902.0,451.0,0.9312002062797546
285,190.jpg,1280,720,1120,jack,1018.0,182.0,1137.0,430.0,0.652981698513031
286,190.jpg,1280,720,1135,spring_post,750.0,168.0,780.0,265.0,0.7536560893058777
287,190.jpg,1280,720,1135,spring_post,776.0,182.0,810.0,287.0,0.9277493357658386
288,190.jpg,1280,720,1110,dolly,0.0,278.0,240.0,399.0,0.9429301619529724
289,191.jpg,1280,720,1135,spring_post,519.0,408.0,576.0,611.0,0.9453443288803101
290,191.jpg,1280,720,1135,spring_post,443.0,401.0,516.0,626.0,0.9599336385726929
291,191.jpg,1280,720,1135,spring_post,593.0,412.0,652.0,599.0,0.9602930545806885
292,192.jpg,1280,720,1110,dolly,91.0,550.0,307.0,618.0,0.5630260705947876
293,192.jpg,1280,720,1135,spring_post,1.0,559.0,45.0,678.0,0.9195366501808167
294,192.jpg,1280,720,1110,dolly,126.0,593.0,312.0,680.0,0.9748132228851318
295,192.jpg,1280,720,1120,jack,349.0,453.0,718.0,720.0,0.9808268547058105
296,192.jpg,1280,720,1110,dolly,457.0,607.0,714.0,718.0,0.9819919466972351
297,194.jpg,1280,720,1110,dolly,873.0,206.0,916.0,263.0,0.7864313125610352
298,194.jpg,1280,720,1110,dolly,1155.0,260.0,1280.0,367.0,0.8823540210723877
299,194.jpg,1280,720,1110,dolly,472.0,228.0,496.0,331.0,0.9041882157325745
300,195.jpg,1280,720,1135,spring_post,569.0,135.0,595.0,227.0,0.7289229035377502
301,195.jpg,1280,720,1135,spring_post,547.0,123.0,576.0,215.0,0.7827377915382385
302,195.jpg,1280,720,1110,dolly,0.0,310.0,124.0,463.0,0.9154650568962097
303,195.jpg,1280,720,1135,spring_post,586.0,146.0,617.0,245.0,0.9387052059173584
304,196.jpg,1280,720,1120,jack,143.0,204.0,228.0,325.0,0.742372989654541
305,196.jpg,1280,720,1110,dolly,705.0,359.0,845.0,450.0,0.9472435712814331
306,197.jpg,1280,720,1135,spring_post,151.0,368.0,190.0,484.0,0.9558350443840027
307,197.jpg,1280,720,1135,spring_post,222.0,370.0,260.0,484.0,0.9561572670936584
308,197.jpg,1280,720,1135,spring_post,72.0,367.0,111.0,481.0,0.9596086144447327
309,197.jpg,1280,720,1120,jack,911.0,332.0,1226.0,505.0,0.9730928540229797
310,198.jpg,1280,720,1110,dolly,839.0,501.0,985.0,558.0,0.9639720916748047
311,198.jpg,1280,720,1120,jack,387.0,588.0,679.0,720.0,0.9873483777046204
312,199.jpg,1280,720,4000,exit_sign,1203.0,111.0,1280.0,178.0,0.9125456809997559
313,200.jpg,1280,720,1110,dolly,131.0,369.0,326.0,465.0,0.5999526381492615
314,200.jpg,1280,720,1110,dolly,684.0,360.0,1030.0,478.0,0.9895799160003662
315,201.jpg,1280,720,1120,jack,964.0,182.0,1176.0,351.0,0.9063479900360107
316,201.jpg,1280,720,1110,dolly,1168.0,244.0,1280.0,300.0,0.9336223006248474
317,202.jpg,1280,720,1120,jack,1087.0,213.0,1200.0,312.0,0.9254054427146912
318,202.jpg,1280,720,1135,spring_post,426.0,281.0,465.0,404.0,0.9642254710197449
319,202.jpg,1280,720,1135,spring_post,346.0,283.0,385.0,408.0,0.9778412580490112
320,202.jpg,1280,720,1110,dolly,1000.0,451.0,1280.0,679.0,0.9918509721755981
321,203.jpg,1280,720,1110,dolly,615.0,96.0,730.0,373.0,0.8579579591751099
322,203.jpg,1280,720,1110,dolly,479.0,20.0,732.0,207.0,0.9489185214042664
323,203.jpg,1280,720,1110,dolly,745.0,0.0,1126.0,174.0,0.969118058681488
324,203.jpg,1280,720,1110,dolly,295.0,289.0,638.0,522.0,0.984409511089325
325,205.jpg,1280,720,1120,jack,312.0,414.0,467.0,712.0,0.8664775490760803
326,205.jpg,1280,720,1135,spring_post,508.0,378.0,541.0,479.0,0.9450918436050415
327,205.jpg,1280,720,1120,jack,946.0,661.0,1047.0,720.0,0.9586977958679199
328,206.jpg,1280,720,1110,dolly,0.0,537.0,847.0,720.0,0.9312015771865845
329,208.jpg,1280,720,1110,dolly,0.0,342.0,168.0,460.0,0.908302366733551
330,208.jpg,1280,720,1110,dolly,102.0,301.0,344.0,399.0,0.9454681277275085
331,209.jpg,1280,720,1110,dolly,940.0,514.0,1014.0,587.0,0.5306198596954346
332,209.jpg,1280,720,1110,dolly,902.0,362.0,955.0,425.0,0.9317084550857544
333,209.jpg,1280,720,1110,dolly,591.0,307.0,751.0,378.0,0.9317090511322021
334,209.jpg,1280,720,1110,dolly,942.0,490.0,1186.0,631.0,0.956368088722229
335,209.jpg,1280,720,1110,dolly,448.0,337.0,630.0,420.0,0.9796332120895386
336,21.jpg,1280,720,1120,jack,850.0,376.0,1280.0,680.0,0.9446741342544556
337,210.jpg,1280,720,1120,jack,0.0,640.0,33.0,715.0,0.7390341758728027
338,211.jpg,1280,720,1110,dolly,671.0,332.0,751.0,358.0,0.522441029548645
339,211.jpg,1280,720,1110,dolly,801.0,618.0,848.0,717.0,0.9025686383247375
340,211.jpg,1280,720,1110,dolly,581.0,423.0,818.0,517.0,0.9668474793434143
341,212.jpg,1280,720,1110,dolly,496.0,268.0,679.0,384.0,0.9184077978134155
342,214.jpg,1280,720,1120,jack,0.0,102.0,152.0,599.0,0.722227931022644
343,214.jpg,1280,720,1120,jack,897.0,553.0,1280.0,720.0,0.7969499826431274
344,214.jpg,1280,720,1135,spring_post,67.0,144.0,117.0,277.0,0.9001054167747498
345,216.jpg,1280,720,1120,jack,236.0,499.0,316.0,720.0,0.8328190445899963
346,217.jpg,1280,720,1135,spring_post,20.0,604.0,55.0,720.0,0.8776153326034546
347,217.jpg,1280,720,1110,dolly,0.0,395.0,128.0,559.0,0.9614924192428589
348,217.jpg,1280,720,1110,dolly,113.0,521.0,408.0,643.0,0.9712814688682556
349,24.jpg,1280,720,1120,jack,701.0,417.0,886.0,532.0,0.9726598858833313
350,25.jpg,1280,720,1120,jack,928.0,381.0,1279.0,590.0,0.9391086101531982
351,26.jpg,1280,720,1120,jack,702.0,513.0,917.0,675.0,0.9719528555870056
352,28.jpg,1280,720,1120,jack,615.0,409.0,700.0,550.0,0.4841153919696808
353,31.jpg,1280,720,1120,jack,656.0,414.0,717.0,550.0,0.6218054294586182
354,32.jpg,1280,720,1120,jack,506.0,404.0,564.0,552.0,0.9423204660415649
355,34.jpg,1280,720,1135,spring_post,325.0,512.0,404.0,620.0,0.9383907914161682
356,34.jpg,1280,720,2000,bicycle,642.0,219.0,923.0,401.0,0.9567520618438721
357,34.jpg,1280,720,1110,dolly,2.0,359.0,330.0,501.0,0.9834260940551758
358,35.jpg,1280,720,1120,jack,19.0,498.0,399.0,720.0,0.8335281014442444
359,35.jpg,1280,720,1120,jack,131.0,1.0,585.0,468.0,0.9828512668609619
360,36.jpg,1280,720,1110,dolly,0.0,341.0,369.0,507.0,0.9642801880836487
361,36.jpg,1280,720,1110,dolly,552.0,391.0,799.0,489.0,0.9834514260292053
362,37.jpg,1280,720,1110,dolly,25.0,457.0,245.0,599.0,0.9775288105010986
363,37.jpg,1280,720,1110,dolly,702.0,548.0,1102.0,720.0,0.9936280250549316
364,38.jpg,1280,720,1110,dolly,517.0,597.0,723.0,720.0,0.879408597946167
365,38.jpg,1280,720,1110,dolly,0.0,547.0,248.0,718.0,0.9145651459693909
366,4.jpg,1280,720,1120,jack,418.0,485.0,549.0,684.0,0.983227550983429
367,40.jpg,1280,720,1120,jack,341.0,143.0,473.0,373.0,0.4935753643512726
368,40.jpg,1280,720,1120,jack,39.0,128.0,222.0,416.0,0.9462043046951294
369,40.jpg,1280,720,1135,spring_post,1014.0,153.0,1089.0,387.0,0.9716626405715942
370,41.jpg,1280,720,1135,spring_post,0.0,69.0,50.0,225.0,0.8390015363693237
371,41.jpg,1280,720,2000,bicycle,743.0,119.0,1217.0,448.0,0.9213098883628845
372,42.jpg,1280,720,1135,spring_post,66.0,366.0,131.0,562.0,0.9773543477058411
373,43.jpg,1280,720,1110,dolly,283.0,346.0,528.0,445.0,0.9639377593994141
374,43.jpg,1280,720,1110,dolly,493.0,411.0,922.0,660.0,0.9876948595046997
375,44.jpg,1280,720,1135,spring_post,428.0,322.0,483.0,500.0,0.9775265455245972
376,46.jpg,1280,720,1110,dolly,601.0,204.0,1000.0,435.0,0.9908167719841003
377,47.jpg,1280,720,2000,bicycle,0.0,231.0,65.0,383.0,0.8962653279304504
378,47.jpg,1280,720,1110,dolly,0.0,335.0,204.0,471.0,0.9739311933517456
379,47.jpg,1280,720,1135,spring_post,1034.0,233.0,1090.0,405.0,0.9780867695808411
380,47.jpg,1280,720,1110,dolly,192.0,405.0,761.0,668.0,0.98176509141922
381,48.jpg,1280,720,1110,dolly,7.0,465.0,190.0,568.0,0.6242527365684509
382,48.jpg,1280,720,1110,dolly,13.0,688.0,141.0,720.0,0.6821566224098206
383,48.jpg,1280,720,1120,jack,717.0,382.0,880.0,517.0,0.8612162470817566
384,48.jpg,1280,720,1110,dolly,5.0,422.0,194.0,501.0,0.9350090026855469
385,48.jpg,1280,720,1135,spring_post,982.0,424.0,1019.0,542.0,0.9680623412132263
386,48.jpg,1280,720,1110,dolly,556.0,637.0,848.0,720.0,0.9687737226486206
387,48.jpg,1280,720,1110,dolly,248.0,493.0,432.0,573.0,0.9691896438598633
388,48.jpg,1280,720,1120,jack,521.0,393.0,720.0,547.0,0.9756456017494202
389,49.jpg,1280,720,2000,bicycle,417.0,182.0,513.0,338.0,0.8722445368766785
390,49.jpg,1280,720,1110,dolly,0.0,434.0,230.0,622.0,0.9265021681785583
391,49.jpg,1280,720,2000,bicycle,197.0,179.0,452.0,360.0,0.983669638633728
392,51.jpg,1280,720,1110,dolly,84.0,675.0,151.0,720.0,0.5437412261962891
393,51.jpg,1280,720,2000,bicycle,0.0,491.0,341.0,719.0,0.8504039645195007
394,51.jpg,1280,720,2000,bicycle,0.0,357.0,239.0,553.0,0.8926579356193542
395,51.jpg,1280,720,2000,bicycle,216.0,351.0,411.0,531.0,0.962245523929596
396,52.jpg,1280,720,1110,dolly,946.0,9.0,1280.0,328.0,0.4712353050708771
397,52.jpg,1280,720,1110,dolly,0.0,122.0,78.0,383.0,0.5474629998207092
398,52.jpg,1280,720,1110,dolly,36.0,144.0,392.0,363.0,0.891887903213501
399,52.jpg,1280,720,1110,dolly,319.0,274.0,970.0,602.0,0.9604458212852478
400,53.jpg,1280,720,1110,dolly,832.0,137.0,1261.0,321.0,0.9195507764816284
401,53.jpg,1280,720,1110,dolly,367.0,1.0,656.0,119.0,0.9217903017997742
402,54.jpg,1280,720,1135,spring_post,912.0,483.0,955.0,540.0,0.49862635135650635
403,54.jpg,1280,720,2000,bicycle,412.0,322.0,571.0,446.0,0.7366483211517334
404,54.jpg,1280,720,1110,dolly,625.0,656.0,1084.0,720.0,0.8721964359283447
405,54.jpg,1280,720,2000,bicycle,278.0,325.0,467.0,459.0,0.9064681529998779
406,54.jpg,1280,720,1135,spring_post,580.0,573.0,638.0,651.0,0.9184209108352661
407,54.jpg,1280,720,1110,dolly,184.0,490.0,475.0,640.0,0.9790867567062378
408,55.jpg,1280,720,1135,spring_post,27.0,5.0,91.0,90.0,0.8996930122375488
409,55.jpg,1280,720,4000,exit_sign,931.0,247.0,1057.0,362.0,0.9048342108726501
410,55.jpg,1280,720,1110,dolly,28.0,118.0,484.0,340.0,0.9779689908027649
411,56.jpg,1280,720,1110,dolly,563.0,518.0,596.0,617.0,0.4740266501903534
412,56.jpg,1280,720,1120,jack,800.0,394.0,833.0,499.0,0.6620733737945557
413,56.jpg,1280,720,1110,dolly,563.0,549.0,701.0,664.0,0.9501436352729797
414,56.jpg,1280,720,1135,spring_post,936.0,402.0,974.0,518.0,0.9647878408432007
415,57.jpg,1280,720,1135,spring_post,969.0,331.0,1014.0,478.0,0.9634543657302856
416,59.jpg,1280,720,1110,dolly,441.0,451.0,667.0,538.0,0.63339763879776
417,59.jpg,1280,720,1135,spring_post,29.0,425.0,80.0,572.0,0.9431285262107849
418,60.jpg,1280,720,1110,dolly,226.0,351.0,524.0,406.0,0.8191127777099609
419,60.jpg,1280,720,1110,dolly,1.0,356.0,234.0,521.0,0.8209699988365173
420,60.jpg,1280,720,1110,dolly,1.0,431.0,170.0,610.0,0.8549910187721252
421,60.jpg,1280,720,1120,jack,524.0,171.0,648.0,349.0,0.9040589332580566
422,60.jpg,1280,720,1135,spring_post,879.0,192.0,921.0,322.0,0.9726729393005371
423,61.jpg,1280,720,1120,jack,709.0,299.0,835.0,442.0,0.5015996694564819
424,61.jpg,1280,720,1110,dolly,411.0,467.0,636.0,541.0,0.717397153377533
425,61.jpg,1280,720,1110,dolly,121.0,460.0,416.0,645.0,0.8997167944908142
426,61.jpg,1280,720,1110,dolly,114.0,363.0,385.0,481.0,0.9355302453041077
427,61.jpg,1280,720,4000,exit_sign,922.0,194.0,1160.0,340.0,0.9416810274124146
428,61.jpg,1280,720,1135,spring_post,1026.0,324.0,1064.0,438.0,0.965996503829956
429,61.jpg,1280,720,1120,jack,806.0,300.0,928.0,455.0,0.9845721125602722
430,62.jpg,1280,720,2000,bicycle,975.0,435.0,1280.0,677.0,0.9274308681488037
431,62.jpg,1280,720,1135,spring_post,348.0,390.0,387.0,514.0,0.9723856449127197
432,62.jpg,1280,720,1110,dolly,422.0,634.0,840.0,720.0,0.9826732277870178
433,63.jpg,1280,720,1110,dolly,660.0,671.0,1083.0,720.0,0.8409267663955688
434,63.jpg,1280,720,1135,spring_post,881.0,364.0,922.0,491.0,0.9714944362640381
435,63.jpg,1280,720,1110,dolly,0.0,518.0,326.0,661.0,0.9879899621009827
436,64.jpg,1280,720,2000,bicycle,26.0,396.0,288.0,647.0,0.9389233589172363
437,66.jpg,1280,720,2000,bicycle,224.0,402.0,457.0,569.0,0.6178334951400757
438,66.jpg,1280,720,2000,bicycle,370.0,382.0,517.0,539.0,0.6465978026390076
439,67.jpg,1280,720,1110,dolly,1107.0,271.0,1205.0,327.0,0.8964774012565613
440,67.jpg,1280,720,1110,dolly,944.0,220.0,1063.0,251.0,0.9316474795341492
441,67.jpg,1280,720,1110,dolly,1142.0,280.0,1280.0,349.0,0.9474198818206787
442,67.jpg,1280,720,1110,dolly,486.0,377.0,802.0,512.0,0.9841523766517639
443,68.jpg,1280,720,2000,bicycle,1041.0,315.0,1164.0,434.0,0.9362662434577942
444,68.jpg,1280,720,2000,bicycle,881.0,313.0,1054.0,419.0,0.9527526497840881
445,68.jpg,1280,720,1120,jack,42.0,327.0,141.0,505.0,0.9711035490036011
446,68.jpg,1280,720,1135,spring_post,238.0,337.0,278.0,461.0,0.9799584150314331
447,68.jpg,1280,720,1110,dolly,686.0,453.0,921.0,581.0,0.9895351529121399
448,69.jpg,1280,720,1110,dolly,4.0,0.0,1280.0,504.0,0.528681218624115
449,69.jpg,1280,720,1110,dolly,262.0,272.0,478.0,400.0,0.5862587690353394
450,69.jpg,1280,720,2000,bicycle,322.0,278.0,542.0,409.0,0.916340708732605
451,69.jpg,1280,720,1110,dolly,405.0,369.0,661.0,474.0,0.9309437870979309
452,69.jpg,1280,720,1110,dolly,444.0,448.0,916.0,682.0,0.9945671558380127
453,71.jpg,1280,720,1110,dolly,117.0,259.0,549.0,441.0,0.9922893047332764
454,72.jpg,1280,720,1135,spring_post,411.0,593.0,472.0,683.0,0.9122973680496216
455,72.jpg,1280,720,1135,spring_post,151.0,588.0,217.0,679.0,0.9481402635574341
456,72.jpg,1280,720,1110,dolly,832.0,591.0,1237.0,720.0,0.9496001601219177
457,72.jpg,1280,720,1110,dolly,730.0,532.0,849.0,632.0,0.9652318954467773
458,74.jpg,1280,720,1135,spring_post,1054.0,552.0,1128.0,651.0,0.7333544492721558
459,74.jpg,1280,720,1110,dolly,529.0,540.0,1029.0,720.0,0.8713213205337524
460,74.jpg,1280,720,1135,spring_post,645.0,140.0,684.0,268.0,0.9633421301841736
461,75.jpg,1280,720,1110,dolly,398.0,558.0,750.0,693.0,0.5529158115386963
462,75.jpg,1280,720,1110,dolly,0.0,5.0,1276.0,696.0,0.7039369344711304
463,75.jpg,1280,720,2000,bicycle,367.0,513.0,506.0,634.0,0.7099922895431519
464,75.jpg,1280,720,1135,spring_post,147.0,598.0,203.0,672.0,0.8064814209938049
465,75.jpg,1280,720,2000,bicycle,227.0,521.0,435.0,638.0,0.952905535697937
466,76.jpg,1280,720,1135,spring_post,730.0,1.0,804.0,131.0,0.9726699590682983
467,77.jpg,1280,720,1135,spring_post,755.0,303.0,775.0,426.0,0.5529769062995911
468,77.jpg,1280,720,1110,dolly,2.0,367.0,1085.0,720.0,0.925819993019104
469,78.jpg,1280,720,1110,dolly,827.0,427.0,902.0,475.0,0.46802622079849243
470,78.jpg,1280,720,1110,dolly,453.0,405.0,656.0,515.0,0.8576873540878296
471,78.jpg,1280,720,1135,spring_post,1072.0,615.0,1128.0,691.0,0.8992923498153687
472,78.jpg,1280,720,1110,dolly,816.0,449.0,927.0,519.0,0.9078481793403625
473,78.jpg,1280,720,1120,jack,955.0,308.0,1098.0,475.0,0.949581503868103
474,78.jpg,1280,720,1110,dolly,454.0,452.0,591.0,574.0,0.950626015663147
475,78.jpg,1280,720,1120,jack,1008.0,300.0,1221.0,499.0,0.9551928043365479
476,78.jpg,1280,720,1135,spring_post,16.0,424.0,72.0,594.0,0.9769801497459412
477,79.jpg,1280,720,2000,bicycle,102.0,499.0,318.0,679.0,0.8202052712440491
478,79.jpg,1280,720,1110,dolly,653.0,588.0,907.0,694.0,0.8806198239326477
479,79.jpg,1280,720,2000,bicycle,0.0,493.0,173.0,670.0,0.9600778222084045
480,8.jpg,1280,720,1120,jack,644.0,400.0,945.0,619.0,0.9935506582260132
481,80.jpg,1280,720,1135,spring_post,516.0,647.0,565.0,720.0,0.8273666501045227
482,80.jpg,1280,720,1135,spring_post,234.0,633.0,303.0,720.0,0.9325127601623535
483,80.jpg,1280,720,1110,dolly,821.0,333.0,1051.0,547.0,0.9863458275794983
484,82.jpg,1280,720,1110,dolly,0.0,349.0,514.0,587.0,0.9863945841789246
485,83.jpg,1280,720,4000,exit_sign,374.0,321.0,481.0,440.0,0.8524618744850159
486,83.jpg,1280,720,2000,bicycle,1131.0,431.0,1280.0,589.0,0.9032952785491943
487,83.jpg,1280,720,1110,dolly,53.0,556.0,524.0,718.0,0.9192159175872803
488,83.jpg,1280,720,1135,spring_post,423.0,439.0,459.0,554.0,0.9598961472511292
489,83.jpg,1280,720,1120,jack,28.0,424.0,221.0,582.0,0.9795475006103516
490,83.jpg,1280,720,1110,dolly,1036.0,523.0,1257.0,646.0,0.9824431538581848
491,84.jpg,1280,720,1135,spring_post,627.0,406.0,692.0,570.0,0.6289527416229248
492,84.jpg,1280,720,1120,jack,501.0,207.0,624.0,320.0,0.7004314064979553
493,84.jpg,1280,720,1135,spring_post,1012.0,615.0,1084.0,719.0,0.7005905508995056
494,84.jpg,1280,720,1110,dolly,0.0,303.0,51.0,380.0,0.7029145956039429
495,84.jpg,1280,720,1110,dolly,0.0,399.0,261.0,539.0,0.902055025100708
496,84.jpg,1280,720,1135,spring_post,959.0,226.0,996.0,343.0,0.9383703470230103
497,84.jpg,1280,720,1135,spring_post,788.0,534.0,867.0,645.0,0.9581246972084045
498,84.jpg,1280,720,1110,dolly,242.0,301.0,421.0,373.0,0.9633104801177979
499,84.jpg,1280,720,1120,jack,657.0,204.0,841.0,325.0,0.9719647169113159
500,84.jpg,1280,720,1110,dolly,599.0,364.0,885.0,475.0,0.9864938259124756
501,85.jpg,1280,720,1120,jack,569.0,351.0,909.0,604.0,0.5715683102607727
502,85.jpg,1280,720,1110,dolly,0.0,630.0,239.0,720.0,0.883377194404602
503,85.jpg,1280,720,1135,spring_post,1135.0,467.0,1197.0,656.0,0.980733335018158
504,86.jpg,1280,720,1110,dolly,1222.0,191.0,1280.0,274.0,0.9239327311515808
505,86.jpg,1280,720,1135,spring_post,609.0,67.0,648.0,201.0,0.9594187140464783
506,86.jpg,1280,720,1110,dolly,959.0,110.0,1107.0,205.0,0.9661874771118164
507,87.jpg,1280,720,1135,spring_post,264.0,419.0,321.0,594.0,0.9792162179946899
508,88.jpg,1280,720,1120,jack,554.0,249.0,821.0,483.0,0.9130099415779114
509,88.jpg,1280,720,1135,spring_post,946.0,296.0,1007.0,486.0,0.973767101764679
510,88.jpg,1280,720,1120,jack,236.0,266.0,606.0,546.0,0.9836689233779907
511,88.jpg,1280,720,1120,jack,397.0,209.0,668.0,410.0,0.9841722846031189
512,88.jpg,1280,720,1120,jack,176.0,229.0,424.0,449.0,0.9900996685028076
513,89.jpg,1280,720,1110,dolly,1119.0,595.0,1280.0,720.0,0.7623006105422974
514,89.jpg,1280,720,1110,dolly,1111.0,674.0,1154.0,720.0,0.801460325717926
515,89.jpg,1280,720,1135,spring_post,883.0,315.0,913.0,387.0,0.8625098466873169
516,9.jpg,1280,720,1120,jack,1178.0,440.0,1280.0,720.0,0.8106461763381958
517,91.jpg,1280,720,1135,spring_post,247.0,324.0,283.0,435.0,0.9526792764663696
518,91.jpg,1280,720,1110,dolly,476.0,449.0,690.0,547.0,0.9782267212867737
519,92.jpg,1280,720,1110,dolly,0.0,74.0,54.0,181.0,0.8160228133201599
520,92.jpg,1280,720,1120,jack,750.0,133.0,1123.0,344.0,0.9703036546707153
521,92.jpg,1280,720,1135,spring_post,1064.0,222.0,1135.0,435.0,0.9862223267555237
522,92.jpg,1280,720,1110,dolly,55.0,189.0,308.0,298.0,0.9892763495445251
523,94.jpg,1280,720,1110,dolly,60.0,527.0,520.0,697.0,0.6882171630859375
524,94.jpg,1280,720,2000,bicycle,0.0,340.0,133.0,503.0,0.8862261176109314
525,94.jpg,1280,720,1110,dolly,1107.0,471.0,1280.0,595.0,0.9068681597709656
526,94.jpg,1280,720,1135,spring_post,1141.0,324.0,1190.0,474.0,0.9290863871574402
527,95.jpg,1280,720,1135,spring_post,724.0,284.0,739.0,383.0,0.5833471417427063
528,95.jpg,1280,720,4000,exit_sign,640.0,157.0,818.0,267.0,0.59038245677948
529,95.jpg,1280,720,1110,dolly,98.0,341.0,247.0,406.0,0.9578083157539368
530,95.jpg,1280,720,1110,dolly,296.0,380.0,743.0,556.0,0.9904850125312805
531,96.jpg,1280,720,1110,dolly,311.0,666.0,738.0,720.0,0.7817795872688293
532,96.jpg,1280,720,2000,bicycle,34.0,525.0,315.0,702.0,0.9622321724891663
533,97.jpg,1280,720,1120,jack,791.0,145.0,1091.0,309.0,0.840548574924469
534,97.jpg,1280,720,1110,dolly,1058.0,215.0,1279.0,332.0,0.8804826736450195
535,97.jpg,1280,720,1110,dolly,445.0,229.0,654.0,302.0,0.9233508706092834
536,97.jpg,1280,720,1110,dolly,0.0,372.0,386.0,593.0,0.9830881357192993
537,98.jpg,1280,720,1110,dolly,0.0,255.0,55.0,301.0,0.49496614933013916
538,98.jpg,1280,720,1120,jack,550.0,218.0,677.0,365.0,0.6377639174461365
539,98.jpg,1280,720,1110,dolly,0.0,210.0,53.0,273.0,0.7977547645568848
540,98.jpg,1280,720,1110,dolly,91.0,287.0,289.0,363.0,0.9581928849220276
541,98.jpg,1280,720,1110,dolly,0.0,547.0,136.0,719.0,0.9682032465934753
542,98.jpg,1280,720,1135,spring_post,886.0,251.0,933.0,397.0,0.9706834554672241
543,99.jpg,1280,720,1135,spring_post,997.0,70.0,1082.0,316.0,0.9783033132553101
