1,10.jpg,1280,720,1070,cardboard_box,334.0,421.0,498.0,700.0,1.5914142727851868
2,10.jpg,1280,720,1070,cardboard_box,1218.0,530.0,1279.0,604.0,1.7643359899520874
3,10.jpg,1280,720,1100,pallet,811.0,573.0,957.0,610.0,1.8018596172332764
4,10.jpg,1280,720,1070,cardboard_box,88.0,553.0,157.0,719.0,1.859200894832611
5,10.jpg,1280,720,1070,cardboard_box,1029.0,429.0,1224.0,592.0,1.9615772366523743
6,100.jpg,1280,720,2050,str,500.0,262.0,747.0,351.0,1.7104064226150513
7,100.jpg,1280,720,2050,str,267.0,198.0,486.0,264.0,1.9507036805152893
8,101.jpg,1280,720,2010,forklift,528.0,234.0,767.0,524.0,1.9321988224983215
9,103.jpg,1280,720,1040,cabinet,368.0,318.0,532.0,580.0,1.5276153683662415
10,103.jpg,1280,720,2010,forklift,622.0,342.0,870.0,719.0,1.988100826740265
11,104.jpg,1280,720,2050,str,0.0,492.0,370.0,633.0,1.9325568675994873
12,104.jpg,1280,720,2050,str,344.0,264.0,546.0,354.0,1.9337384700775146
13,104.jpg,1280,720,2050,str,0.0,255.0,186.0,342.0,1.9533149003982544
14,105.jpg,1280,720,1070,cardboard_box,1017.0,617.0,1280.0,720.0,1.5781153440475464
15,105.jpg,1280,720,1070,cardboard_box,1.0,2.0,319.0,249.0,1.614064335823059
16,105.jpg,1280,720,2050,str,861.0,523.0,1280.0,629.0,1.7610335946083069
17,105.jpg,1280,720,2050,str,335.0,433.0,627.0,487.0,1.8936731815338135
18,107.jpg,1280,720,1070,cardboard_box,112.0,231.0,177.0,448.0,1.4905660152435303
19,107.jpg,1280,720,1070,cardboard_box,1054.0,4.0,1194.0,92.0,1.491462916135788
20,107.jpg,1280,720,1070,cardboard_box,348.0,227.0,382.0,301.0,1.5069249272346497
21,107.jpg,1280,720,1070,cardboard_box,186.0,256.0,247.0,345.0,1.5222921967506409
22,107.jpg,1280,720,1070,cardboard_box,1.0,19.0,141.0,346.0,1.52865070104599
23,107.jpg,1280,720,1070,cardboard_box,212.0,195.0,269.0,273.0,1.536720097064972
24,107.jpg,1280,720,1070,cardboard_box,318.0,338.0,356.0,382.0,1.5396066904067993
25,107.jpg,1280,720,1070,cardboard_box,158.0,163.0,215.0,358.0,1.5484073758125305
26,107.jpg,1280,720,1070,cardboard_box,250.0,333.0,301.0,377.0,1.5770354270935059
27,107.jpg,1280,720,1070,cardboard_box,331.0,280.0,370.0,358.0,1.593403160572052
28,107.jpg,1280,720,1070,cardboard_box,698.0,0.0,998.0,129.0,1.598196029663086
29,107.jpg,1280,720,1070,cardboard_box,1013.0,1.0,1053.0,53.0,1.6082476377487183
30,107.jpg,1280,720,1070,cardboard_box,456.0,153.0,479.0,226.0,1.6123347282409668
31,107.jpg,1280,720,1070,cardboard_box,116.0,480.0,177.0,567.0,1.6246382594108582
32,107.jpg,1280,720,1070,cardboard_box,269.0,269.0,317.0,367.0,1.637292504310608
33,107.jpg,1280,720,1070,cardboard_box,172.0,0.0,255.0,48.0,1.6570481061935425
34,107.jpg,1280,720,1070,cardboard_box,447.0,8.0,475.0,86.0,1.677622377872467
35,107.jpg,1280,720,1070,cardboard_box,170.0,32.0,262.0,221.0,1.6867590546607971
36,107.jpg,1280,720,1070,cardboard_box,476.0,0.0,566.0,329.0,1.6958882212638855
37,107.jpg,1280,720,1070,cardboard_box,2.0,4.0,167.0,191.0,1.699763536453247
38,107.jpg,1280,720,1070,cardboard_box,697.0,126.0,952.0,330.0,1.712846279144287
39,107.jpg,1280,720,1070,cardboard_box,1.0,484.0,77.0,719.0,1.7661612033843994
40,107.jpg,1280,720,2050,str,1012.0,346.0,1196.0,397.0,1.931171476840973
41,108.jpg,1280,720,2050,str,0.0,438.0,575.0,645.0,1.533536970615387
42,108.jpg,1280,720,2050,str,36.0,448.0,1265.0,717.0,1.5583098530769348
43,11.jpg,1280,720,1070,cardboard_box,1126.0,0.0,1280.0,534.0,1.4799688160419464
44,11.jpg,1280,720,1070,cardboard_box,598.0,623.0,923.0,720.0,1.7237109541893005
45,11.jpg,1280,720,1100,pallet,916.0,570.0,1152.0,601.0,1.898787796497345
46,110.jpg,1280,720,1040,cabinet,3.0,20.0,421.0,498.0,1.8833006620407104
47,110.jpg,1280,720,2010,forklift,453.0,46.0,904.0,355.0,1.9042695760726929
48,111.jpg,1280,720,2050,str,1121.0,465.0,1280.0,703.0,1.7818652987480164
49,111.jpg,1280,720,1100,pallet,881.0,173.0,1064.0,219.0,1.8008906245231628
50,111.jpg,1280,720,2010,forklift,0.0,101.0,346.0,720.0,1.9584476947784424
51,112.jpg,1280,720,2050,str,412.0,365.0,639.0,433.0,1.7621095180511475
52,112.jpg,1280,720,2050,str,511.0,555.0,841.0,665.0,1.9477801322937012
53,113.jpg,1280,720,2050,str,1034.0,207.0,1256.0,357.0,1.968774676322937
54,113.jpg,1280,720,2050,str,553.0,188.0,808.0,331.0,1.969382882118225
55,114.jpg,1280,720,1040,cabinet,0.0,0.0,947.0,697.0,1.459181934595108
56,115.jpg,1280,720,2050,str,0.0,252.0,220.0,400.0,1.8074124455451965
57,115.jpg,1280,720,1100,pallet,0.0,117.0,306.0,250.0,1.880384385585785
58,115.jpg,1280,720,2050,str,1010.0,197.0,1280.0,425.0,1.8821723461151123
59,116.jpg,1280,720,2050,str,710.0,154.0,1057.0,302.0,1.937545895576477
60,12.jpg,1280,720,1070,cardboard_box,721.0,662.0,829.0,720.0,1.623870313167572
61,12.jpg,1280,720,1070,cardboard_box,784.0,526.0,850.0,581.0,1.7785552144050598
62,12.jpg,1280,720,1070,cardboard_box,483.0,595.0,569.0,705.0,1.8989077806472778
63,12.jpg,1280,720,1070,cardboard_box,585.0,494.0,673.0,564.0,1.9281228184700012
64,12.jpg,1280,720,1040,cabinet,182.0,143.0,287.0,450.0,1.9390944838523865
65,12.jpg,1280,720,1070,cardboard_box,482.0,427.0,569.0,506.0,1.9405187368392944
66,12.jpg,1280,720,1070,cardboard_box,482.0,504.0,555.0,604.0,1.9479723572731018
67,121.jpg,1280,720,2050,str,362.0,14.0,448.0,103.0,1.7235655188560486
68,121.jpg,1280,720,1100,pallet,0.0,162.0,382.0,453.0,1.8514509797096252
69,123.jpg,1280,720,1030,locker,0.0,241.0,92.0,556.0,1.705349087715149
70,123.jpg,1280,720,1030,locker,82.0,273.0,151.0,528.0,1.8778894543647766
71,124.jpg,1280,720,1070,cardboard_box,1252.0,0.0,1279.0,169.0,1.4565634727478027
72,124.jpg,1280,720,1070,cardboard_box,329.0,0.0,376.0,45.0,1.6297353506088257
73,125.jpg,1280,720,1070,cardboard_box,588.0,349.0,660.0,409.0,1.590258002281189
74,125.jpg,1280,720,1070,cardboard_box,830.0,406.0,917.0,470.0,1.668507158756256
75,125.jpg,1280,720,1100,pallet,0.0,54.0,305.0,198.0,1.8586841225624084
76,125.jpg,1280,720,1100,pallet,311.0,10.0,804.0,277.0,1.9626402854919434
77,126.jpg,1280,720,2050,str,1052.0,5.0,1280.0,144.0,1.5774701237678528
78,128.jpg,1280,720,1100,pallet,323.0,591.0,372.0,650.0,1.6366854310035706
79,128.jpg,1280,720,1100,pallet,125.0,518.0,339.0,628.0,1.655263364315033
80,128.jpg,1280,720,1100,pallet,966.0,688.0,1012.0,719.0,1.6621604561805725
81,128.jpg,1280,720,2050,str,642.0,505.0,794.0,581.0,1.94107985496521
82,129.jpg,1280,720,1100,pallet,1077.0,191.0,1280.0,426.0,1.9283405542373657
83,130.jpg,1280,720,1100,pallet,628.0,373.0,843.0,446.0,1.851157009601593
84,131.jpg,1280,720,2050,str,1111.0,541.0,1175.0,590.0,1.5267442464828491
85,133.jpg,1280,720,2010,forklift,645.0,269.0,755.0,347.0,1.5060282349586487
86,133.jpg,1280,720,1040,cabinet,1148.0,0.0,1277.0,106.0,1.535470724105835
87,133.jpg,1280,720,1100,pallet,918.0,337.0,1081.0,414.0,1.7103581428527832
88,133.jpg,1280,720,1100,pallet,169.0,428.0,409.0,543.0,1.7579341530799866
89,133.jpg,1280,720,1030,locker,323.0,49.0,669.0,332.0,1.7667673826217651
90,133.jpg,1280,720,1030,locker,512.0,51.0,685.0,324.0,1.8383771777153015
91,133.jpg,1280,720,1100,pallet,1068.0,398.0,1280.0,517.0,1.8491266965866089
92,133.jpg,1280,720,1030,locker,678.0,47.0,845.0,320.0,1.906974971294403
93,135.jpg,1280,720,1100,pallet,22.0,395.0,631.0,667.0,1.6579925417900085
94,137.jpg,1280,720,2050,str,0.0,490.0,407.0,716.0,1.7006899118423462
95,137.jpg,1280,720,1100,pallet,1.0,472.0,320.0,625.0,1.7931557297706604
96,137.jpg,1280,720,1100,pallet,672.0,289.0,930.0,346.0,1.829226315021515
97,137.jpg,1280,720,1100,pallet,671.0,318.0,935.0,379.0,1.8695785999298096
98,137.jpg,1280,720,1100,pallet,1083.0,266.0,1279.0,332.0,1.8829443454742432
99,137.jpg,1280,720,1100,pallet,673.0,345.0,934.0,411.0,1.935766339302063
100,138.jpg,1280,720,2050,str,555.0,0.0,910.0,84.0,1.9325913190841675
101,138.jpg,1280,720,2050,str,423.0,43.0,824.0,250.0,1.968853771686554
102,14.jpg,1280,720,1070,cardboard_box,1064.0,513.0,1136.0,619.0,1.486041247844696
103,14.jpg,1280,720,1070,cardboard_box,242.0,468.0,298.0,494.0,1.5423712134361267
104,14.jpg,1280,720,2010,forklift,1126.0,286.0,1280.0,654.0,1.5763691067695618
105,14.jpg,1280,720,1070,cardboard_box,960.0,512.0,1135.0,619.0,1.6722546815872192
106,14.jpg,1280,720,1070,cardboard_box,64.0,377.0,143.0,486.0,1.842298448085785
107,14.jpg,1280,720,1100,pallet,745.0,538.0,795.0,563.0,1.8907905220985413
108,14.jpg,1280,720,1070,cardboard_box,42.0,484.0,139.0,630.0,1.9392464756965637
109,14.jpg,1280,720,1070,cardboard_box,26.0,631.0,133.0,719.0,1.9411473870277405
110,14.jpg,1280,720,1070,cardboard_box,800.0,436.0,978.0,550.0,1.966867446899414
111,140.jpg,1280,720,1100,pallet,478.0,0.0,751.0,131.0,1.8991828560829163
112,142.jpg,1280,720,1040,cabinet,0.0,0.0,1280.0,708.0,1.561596393585205
113,144.jpg,1280,720,1070,cardboard_box,749.0,77.0,904.0,191.0,1.524510383605957
114,144.jpg,1280,720,1030,locker,0.0,145.0,104.0,455.0,1.763222336769104
115,144.jpg,1280,720,1030,locker,30.0,119.0,307.0,408.0,1.801055133342743
116,144.jpg,1280,720,1100,pallet,620.0,337.0,785.0,397.0,1.8192322850227356
117,144.jpg,1280,720,1030,locker,190.0,119.0,380.0,372.0,1.8585769534111023
118,144.jpg,1280,720,1100,pallet,776.0,369.0,998.0,440.0,1.8603035807609558
119,144.jpg,1280,720,1030,locker,366.0,112.0,494.0,356.0,1.8781372904777527
120,144.jpg,1280,720,1100,pallet,472.0,607.0,823.0,720.0,1.9124110341072083
121,145.jpg,1280,720,1070,cardboard_box,1162.0,0.0,1280.0,188.0,1.457419216632843
122,145.jpg,1280,720,1030,locker,332.0,1.0,564.0,190.0,1.8124088048934937
123,145.jpg,1280,720,1030,locker,0.0,0.0,562.0,293.0,1.8472841382026672
124,146.jpg,1280,720,1070,cardboard_box,1117.0,1.0,1279.0,402.0,1.460436075925827
125,146.jpg,1280,720,1070,cardboard_box,994.0,95.0,1277.0,711.0,1.5804831981658936
126,148.jpg,1280,720,1030,locker,0.0,211.0,98.0,555.0,1.9280939102172852
127,149.jpg,1280,720,1100,pallet,226.0,172.0,419.0,238.0,1.4736026525497437
128,149.jpg,1280,720,1100,pallet,423.0,237.0,717.0,397.0,1.931236743927002
129,149.jpg,1280,720,1100,pallet,236.0,125.0,482.0,228.0,1.9619622826576233
130,149.jpg,1280,720,1100,pallet,410.0,149.0,716.0,331.0,1.9634830355644226
131,15.jpg,1280,720,1070,cardboard_box,680.0,644.0,923.0,720.0,1.4669832289218903
132,15.jpg,1280,720,1070,cardboard_box,527.0,395.0,556.0,529.0,1.5776561498641968
133,15.jpg,1280,720,1070,cardboard_box,572.0,515.0,717.0,633.0,1.7089531421661377
134,15.jpg,1280,720,1070,cardboard_box,661.0,513.0,921.0,717.0,1.9009302258491516
135,15.jpg,1280,720,1070,cardboard_box,560.0,611.0,681.0,720.0,1.9696111679077148
136,15.jpg,1280,720,1070,cardboard_box,203.0,344.0,509.0,546.0,1.9795714616775513
137,15.jpg,1280,720,1070,cardboard_box,240.0,533.0,490.0,719.0,1.9798187613487244
138,150.jpg,1280,720,1100,pallet,466.0,387.0,620.0,432.0,1.875806748867035
139,150.jpg,1280,720,1100,pallet,657.0,494.0,887.0,601.0,1.9143767952919006
140,150.jpg,1280,720,2010,forklift,876.0,155.0,1097.0,454.0,1.9293083548545837
141,150.jpg,1280,720,1100,pallet,735.0,432.0,955.0,493.0,1.9511374831199646
142,150.jpg,1280,720,1030,locker,1135.0,187.0,1280.0,425.0,1.963888704776764
143,151.jpg,1280,720,1100,pallet,799.0,200.0,881.0,254.0,1.496169000864029
144,151.jpg,1280,720,2010,forklift,1057.0,7.0,1279.0,457.0,1.6890623569488525
145,151.jpg,1280,720,1100,pallet,805.0,227.0,880.0,271.0,1.6944312453269958
146,151.jpg,1280,720,1100,pallet,284.0,508.0,589.0,652.0,1.8973572850227356
147,151.jpg,1280,720,1100,pallet,681.0,349.0,938.0,481.0,1.9182696342468262
148,151.jpg,1280,720,1100,pallet,677.0,402.0,936.0,541.0,1.9575068950653076
149,151.jpg,1280,720,1100,pallet,684.0,303.0,934.0,427.0,1.9738295674324036
150,151.jpg,1280,720,1100,pallet,259.0,419.0,588.0,583.0,1.9793023467063904
151,152.jpg,1280,720,1030,locker,291.0,84.0,379.0,255.0,1.635707974433899
152,152.jpg,1280,720,1030,locker,0.0,244.0,151.0,720.0,1.9592316150665283
153,152.jpg,1280,720,1030,locker,894.0,305.0,1090.0,589.0,1.9825547337532043
154,153.jpg,1280,720,1070,cardboard_box,235.0,0.0,393.0,282.0,1.6403149366378784
155,153.jpg,1280,720,1030,locker,384.0,1.0,685.0,303.0,1.9890604615211487
156,154.jpg,1280,720,1070,cardboard_box,242.0,2.0,589.0,381.0,1.451245665550232
157,154.jpg,1280,720,1100,pallet,1077.0,350.0,1278.0,407.0,1.6899880170822144
158,154.jpg,1280,720,1100,pallet,1077.0,280.0,1280.0,349.0,1.8177849650382996
159,154.jpg,1280,720,2050,str,286.0,343.0,381.0,382.0,1.8380095958709717
160,154.jpg,1280,720,1100,pallet,1078.0,230.0,1280.0,285.0,1.880232572555542
161,155.jpg,1280,720,2010,forklift,774.0,336.0,1166.0,720.0,1.9111180305480957
162,156.jpg,1280,720,2010,forklift,14.0,20.0,620.0,516.0,1.4960219264030457
163,156.jpg,1280,720,1070,cardboard_box,14.0,10.0,318.0,548.0,1.7066389918327332
164,157.jpg,1280,720,1070,cardboard_box,891.0,2.0,1271.0,352.0,1.5632091164588928
165,157.jpg,1280,720,1100,pallet,1130.0,482.0,1280.0,598.0,1.938186228275299
166,157.jpg,1280,720,1100,pallet,755.0,424.0,1004.0,518.0,1.971963346004486
167,158.jpg,1280,720,1070,cardboard_box,341.0,240.0,425.0,308.0,1.9180805087089539
168,16.jpg,1280,720,1070,cardboard_box,37.0,444.0,108.0,494.0,1.5640244483947754
169,16.jpg,1280,720,1070,cardboard_box,105.0,449.0,153.0,533.0,1.7656558156013489
170,160.jpg,1280,720,1100,pallet,66.0,410.0,322.0,506.0,1.9190099239349365
171,160.jpg,1280,720,1100,pallet,643.0,318.0,873.0,396.0,1.9217763543128967
172,160.jpg,1280,720,1040,cabinet,251.0,1.0,522.0,229.0,1.9340925216674805
173,160.jpg,1280,720,1100,pallet,67.0,369.0,322.0,471.0,1.9706768989562988
174,160.jpg,1280,720,1100,pallet,398.0,343.0,640.0,427.0,1.9707857370376587
175,161.jpg,1280,720,1030,locker,818.0,1.0,1023.0,190.0,1.75493985414505
176,162.jpg,1280,720,1100,pallet,156.0,507.0,910.0,720.0,1.9301665425300598
177,163.jpg,1280,720,1030,locker,0.0,83.0,285.0,693.0,1.9462901949882507
178,164.jpg,1280,720,2010,forklift,34.0,145.0,300.0,478.0,1.9334645867347717
179,164.jpg,1280,720,1030,locker,337.0,211.0,522.0,478.0,1.9875701665878296
180,164.jpg,1280,720,1030,locker,515.0,210.0,693.0,480.0,1.987608015537262
181,166.jpg,1280,720,1100,pallet,0.0,316.0,411.0,695.0,1.97012859582901
182,166.jpg,1280,720,1100,pallet,725.0,176.0,1078.0,458.0,1.992115557193756
183,167.jpg,1280,720,1030,locker,1.0,69.0,169.0,720.0,1.8223350644111633
184,167.jpg,1280,720,1030,locker,1200.0,418.0,1280.0,720.0,1.9686479568481445
185,167.jpg,1280,720,1030,locker,129.0,211.0,468.0,720.0,1.9867291450500488
186,168.jpg,1280,720,2010,forklift,677.0,125.0,1092.0,506.0,1.8976672887802124
187,168.jpg,1280,720,2010,forklift,323.0,148.0,668.0,482.0,1.9429771304130554
188,169.jpg,1280,720,1040,cabinet,669.0,512.0,1085.0,720.0,1.5591395497322083
189,169.jpg,1280,720,1070,cardboard_box,1062.0,264.0,1108.0,308.0,1.761775255203247
190,169.jpg,1280,720,1100,pallet,638.0,357.0,694.0,401.0,1.8280028104782104
191,169.jpg,1280,720,1100,pallet,94.0,331.0,297.0,374.0,1.8483595252037048
192,169.jpg,1280,720,1100,pallet,94.0,347.0,295.0,395.0,1.8721397519111633
193,169.jpg,1280,720,1040,cabinet,359.0,137.0,592.0,298.0,1.8857808113098145
194,169.jpg,1280,720,1100,pallet,637.0,377.0,696.0,418.0,1.9139477610588074
195,169.jpg,1280,720,1100,pallet,732.0,342.0,881.0,378.0,1.9294082522392273
196,169.jpg,1280,720,1100,pallet,1092.0,516.0,1280.0,669.0,1.9753878712654114
197,17.jpg,1280,720,1070,cardboard_box,38.0,502.0,82.0,539.0,1.4763834178447723
198,17.jpg,1280,720,1070,cardboard_box,282.0,562.0,388.0,673.0,1.4915629625320435
199,17.jpg,1280,720,1070,cardboard_box,144.0,444.0,176.0,478.0,1.547553300857544
200,17.jpg,1280,720,1070,cardboard_box,108.0,444.0,155.0,481.0,1.7200132012367249
201,17.jpg,1280,720,1070,cardboard_box,53.0,500.0,114.0,542.0,1.7580479383468628
202,17.jpg,1280,720,1070,cardboard_box,49.0,442.0,110.0,483.0,1.790439486503601
203,17.jpg,1280,720,1070,cardboard_box,387.0,555.0,495.0,674.0,1.7938833236694336
204,17.jpg,1280,720,1070,cardboard_box,557.0,541.0,604.0,683.0,1.8854814767837524
205,17.jpg,1280,720,1070,cardboard_box,280.0,432.0,500.0,570.0,1.9687307476997375
206,170.jpg,1280,720,1100,pallet,0.0,495.0,62.0,535.0,1.4763354361057281
207,170.jpg,1280,720,1100,pallet,386.0,484.0,623.0,510.0,1.4930672943592072
208,170.jpg,1280,720,1100,pallet,0.0,472.0,66.0,511.0,1.703262746334076
209,170.jpg,1280,720,1100,pallet,729.0,570.0,908.0,594.0,1.8238840103149414
210,170.jpg,1280,720,1100,pallet,0.0,452.0,68.0,485.0,1.8407408595085144
211,170.jpg,1280,720,1100,pallet,826.0,588.0,1280.0,678.0,1.9567981958389282
212,171.jpg,1280,720,1070,cardboard_box,311.0,636.0,427.0,720.0,1.7309063076972961
213,171.jpg,1280,720,1100,pallet,703.0,234.0,1002.0,371.0,1.8795396089553833
214,171.jpg,1280,720,1040,cabinet,0.0,0.0,463.0,720.0,1.9792126417160034
215,173.jpg,1280,720,1100,pallet,245.0,610.0,307.0,643.0,1.5141456127166748
216,173.jpg,1280,720,1100,pallet,306.0,609.0,622.0,684.0,1.7638705968856812
217,173.jpg,1280,720,1100,pallet,304.0,573.0,626.0,639.0,1.8044983744621277
218,173.jpg,1280,720,1040,cabinet,765.0,331.0,1048.0,584.0,1.8412094712257385
219,173.jpg,1280,720,1100,pallet,722.0,667.0,1012.0,720.0,1.879810631275177
220,175.jpg,1280,720,1100,pallet,907.0,436.0,1121.0,493.0,1.6400671005249023
221,175.jpg,1280,720,1100,pallet,1079.0,509.0,1272.0,621.0,1.6652969717979431
222,175.jpg,1280,720,1100,pallet,474.0,355.0,607.0,433.0,1.7309072613716125
223,175.jpg,1280,720,1100,pallet,909.0,408.0,1134.0,467.0,1.7608513236045837
224,175.jpg,1280,720,1100,pallet,911.0,386.0,1139.0,442.0,1.84416002035141
225,175.jpg,1280,720,2010,forklift,869.0,91.0,1052.0,383.0,1.9182657599449158
226,175.jpg,1280,720,1030,locker,1037.0,114.0,1184.0,321.0,1.93744558095932
227,175.jpg,1280,720,1100,pallet,1096.0,448.0,1279.0,581.0,1.9604710340499878
228,175.jpg,1280,720,1030,locker,1162.0,114.0,1280.0,321.0,1.965567171573639
229,175.jpg,1280,720,1100,pallet,908.0,351.0,1141.0,416.0,1.9703113436698914
230,176.jpg,1280,720,1040,cabinet,270.0,90.0,474.0,369.0,1.5916160941123962
231,176.jpg,1280,720,1100,pallet,685.0,362.0,893.0,404.0,1.6537654399871826
232,176.jpg,1280,720,1100,pallet,681.0,348.0,893.0,385.0,1.6890485882759094
233,176.jpg,1280,720,1100,pallet,378.0,333.0,673.0,373.0,1.8076173663139343
234,176.jpg,1280,720,1100,pallet,379.0,295.0,672.0,339.0,1.9078066945075989
235,176.jpg,1280,720,1070,cardboard_box,1164.0,212.0,1224.0,268.0,1.939515769481659
236,177.jpg,1280,720,1100,pallet,841.0,667.0,1159.0,720.0,1.6155115962028503
237,177.jpg,1280,720,2010,forklift,279.0,25.0,528.0,296.0,1.7855541110038757
238,177.jpg,1280,720,1040,cabinet,359.0,660.0,482.0,720.0,1.8934701085090637
239,177.jpg,1280,720,1100,pallet,542.0,495.0,786.0,603.0,1.9483755230903625
240,177.jpg,1280,720,1100,pallet,538.0,418.0,789.0,548.0,1.979670763015747
241,177.jpg,1280,720,1100,pallet,835.0,543.0,1175.0,708.0,1.9834973812103271
242,178.jpg,1280,720,1100,pallet,713.0,634.0,873.0,682.0,1.7834168076515198
243,179.jpg,1280,720,2010,forklift,3.0,338.0,795.0,717.0,1.6474067568778992
244,179.jpg,1280,720,1100,pallet,828.0,202.0,1005.0,247.0,1.8558935523033142
245,179.jpg,1280,720,1100,pallet,828.0,220.0,1003.0,267.0,1.8825238943099976
246,179.jpg,1280,720,1100,pallet,828.0,189.0,1005.0,227.0,1.8848151564598083
247,179.jpg,1280,720,1040,cabinet,1123.0,28.0,1280.0,256.0,1.914923906326294
248,179.jpg,1280,720,1030,locker,0.0,81.0,90.0,360.0,1.9539985060691833
249,18.jpg,1280,720,1040,cabinet,656.0,0.0,970.0,300.0,1.4649615287780762
250,180.jpg,1280,720,1040,cabinet,739.0,567.0,1280.0,720.0,1.5038849711418152
251,180.jpg,1280,720,1100,pallet,291.0,147.0,402.0,238.0,1.5905595421791077
252,180.jpg,1280,720,1030,locker,80.0,356.0,252.0,564.0,1.661003828048706
253,180.jpg,1280,720,1030,locker,490.0,28.0,627.0,230.0,1.9695186018943787
254,181.jpg,1280,720,1070,cardboard_box,3.0,454.0,538.0,719.0,1.4645163714885712
255,181.jpg,1280,720,1030,locker,1241.0,184.0,1280.0,537.0,1.6803652048110962
256,181.jpg,1280,720,1100,pallet,385.0,405.0,608.0,487.0,1.70527184009552
257,181.jpg,1280,720,2010,forklift,23.0,8.0,1252.0,519.0,1.8579246997833252
258,181.jpg,1280,720,1100,pallet,510.0,508.0,834.0,650.0,1.8828123211860657
259,182.jpg,1280,720,1030,locker,0.0,0.0,183.0,368.0,1.937686264514923
260,183.jpg,1280,720,1100,pallet,25.0,677.0,184.0,719.0,1.7647833824157715
261,183.jpg,1280,720,1100,pallet,290.0,416.0,353.0,439.0,1.7865033149719238
262,183.jpg,1280,720,1030,locker,704.0,277.0,848.0,461.0,1.8756548762321472
263,183.jpg,1280,720,1100,pallet,33.0,473.0,227.0,527.0,1.904021143913269
264,183.jpg,1280,720,1100,pallet,34.0,497.0,230.0,547.0,1.9075727462768555
265,183.jpg,1280,720,2010,forklift,513.0,254.0,704.0,469.0,1.9427722692489624
266,183.jpg,1280,720,1030,locker,808.0,282.0,947.0,451.0,1.9567556977272034
267,183.jpg,1280,720,1100,pallet,248.0,453.0,410.0,499.0,1.9614034295082092
268,184.jpg,1280,720,1100,pallet,930.0,151.0,1013.0,188.0,1.4918353259563446
269,184.jpg,1280,720,2050,str,578.0,78.0,696.0,151.0,1.5217766761779785
270,184.jpg,1280,720,1100,pallet,927.0,122.0,1016.0,165.0,1.6110151410102844
271,184.jpg,1280,720,1100,pallet,930.0,84.0,1132.0,138.0,1.7639946341514587
272,184.jpg,1280,720,1100,pallet,933.0,171.0,1011.0,233.0,1.8721312880516052
273,184.jpg,1280,720,1100,pallet,990.0,248.0,1240.0,394.0,1.9814319610595703
274,185.jpg,1280,720,1100,pallet,1249.0,323.0,1280.0,375.0,1.747285008430481
275,185.jpg,1280,720,1100,pallet,860.0,500.0,1161.0,598.0,1.8263323903083801
276,185.jpg,1280,720,1100,pallet,862.0,548.0,1163.0,640.0,1.920333206653595
277,185.jpg,1280,720,1100,pallet,865.0,446.0,1161.0,559.0,1.9787124395370483
278,186.jpg,1280,720,2010,forklift,794.0,90.0,1199.0,471.0,1.8232213854789734
279,186.jpg,1280,720,1030,locker,1223.0,124.0,1280.0,444.0,1.919722557067871
280,186.jpg,1280,720,1100,pallet,404.0,353.0,603.0,404.0,1.924913763999939
281,186.jpg,1280,720,1100,pallet,481.0,424.0,757.0,519.0,1.976126790046692
282,186.jpg,1280,720,1100,pallet,136.0,503.0,454.0,655.0,1.9841919541358948
283,187.jpg,1280,720,2010,forklift,340.0,216.0,628.0,461.0,1.7860486507415771
284,187.jpg,1280,720,1100,pallet,461.0,555.0,734.0,680.0,1.9865890741348267
285,188.jpg,1280,720,1100,pallet,289.0,468.0,382.0,502.0,1.633444607257843
286,188.jpg,1280,720,1100,pallet,34.0,480.0,265.0,522.0,1.8499981760978699
287,188.jpg,1280,720,2010,forklift,783.0,265.0,1280.0,522.0,1.8960742950439453
288,188.jpg,1280,720,1100,pallet,33.0,455.0,259.0,499.0,1.9231359958648682
289,188.jpg,1280,720,1100,pallet,863.0,623.0,1155.0,720.0,1.9848231077194214
290,189.jpg,1280,720,1100,pallet,796.0,397.0,965.0,439.0,1.516926348209381
291,189.jpg,1280,720,1100,pallet,447.0,411.0,812.0,495.0,1.7270185947418213
292,189.jpg,1280,720,1030,locker,1254.0,132.0,1279.0,410.0,1.7663116455078125
293,189.jpg,1280,720,1100,pallet,457.0,340.0,801.0,401.0,1.7690106630325317
294,189.jpg,1280,720,1100,pallet,455.0,373.0,813.0,449.0,1.7909808158874512
295,189.jpg,1280,720,2010,forklift,953.0,87.0,1208.0,428.0,1.9596835374832153
296,19.jpg,1280,720,1100,pallet,147.0,9.0,1280.0,716.0,1.4609911441802979
297,19.jpg,1280,720,1100,pallet,567.0,663.0,710.0,720.0,1.5109901428222656
298,190.jpg,1280,720,1100,pallet,0.0,242.0,228.0,302.0,1.8816622495651245
299,190.jpg,1280,720,2010,forklift,818.0,0.0,1278.0,287.0,1.8961456418037415
300,190.jpg,1280,720,1100,pallet,0.0,273.0,233.0,336.0,1.9168931245803833
301,190.jpg,1280,720,1100,pallet,230.0,243.0,364.0,281.0,1.919835090637207
302,190.jpg,1280,720,1100,pallet,1035.0,439.0,1280.0,624.0,1.9855971932411194
303,191.jpg,1280,720,1070,cardboard_box,379.0,124.0,467.0,171.0,1.5052568912506104
304,191.jpg,1280,720,1100,pallet,0.0,536.0,124.0,582.0,1.8623954057693481
305,192.jpg,1280,720,1100,pallet,343.0,594.0,443.0,615.0,1.549470067024231
306,192.jpg,1280,720,1100,pallet,138.0,576.0,293.0,613.0,1.6412480473518372
307,192.jpg,1280,720,1100,pallet,139.0,536.0,297.0,565.0,1.7071612477302551
308,192.jpg,1280,720,1100,pallet,470.0,596.0,703.0,635.0,1.7614405751228333
309,192.jpg,1280,720,1100,pallet,141.0,556.0,294.0,589.0,1.7860219478607178
310,192.jpg,1280,720,1040,cabinet,670.0,395.0,894.0,543.0,1.842871069908142
311,192.jpg,1280,720,1100,pallet,993.0,650.0,1218.0,692.0,1.8563492894172668
312,192.jpg,1280,720,1100,pallet,467.0,569.0,705.0,607.0,1.8726553320884705
313,192.jpg,1280,720,1100,pallet,710.0,634.0,904.0,669.0,1.8816697001457214
314,193.jpg,1280,720,2010,forklift,760.0,135.0,1221.0,526.0,1.8426756858825684
315,193.jpg,1280,720,1100,pallet,415.0,402.0,588.0,476.0,1.8831257224082947
316,193.jpg,1280,720,1030,locker,1174.0,196.0,1280.0,637.0,1.9403200149536133
317,193.jpg,1280,720,1100,pallet,679.0,326.0,841.0,366.0,1.9566307067871094
318,193.jpg,1280,720,1100,pallet,24.0,410.0,268.0,474.0,1.969045639038086
319,193.jpg,1280,720,1100,pallet,410.0,372.0,591.0,450.0,1.9759883284568787
320,194.jpg,1280,720,1040,cabinet,901.0,578.0,1280.0,720.0,1.5855623483657837
321,194.jpg,1280,720,1030,locker,567.0,30.0,713.0,247.0,1.920688509941101
322,195.jpg,1280,720,1100,pallet,0.0,314.0,100.0,394.0,1.562887728214264
323,195.jpg,1280,720,1100,pallet,0.0,286.0,103.0,362.0,1.696195662021637
324,195.jpg,1280,720,2010,forklift,609.0,2.0,944.0,237.0,1.8195249438285828
325,195.jpg,1280,720,1100,pallet,94.0,217.0,173.0,265.0,1.867438018321991
326,195.jpg,1280,720,1100,pallet,940.0,467.0,1265.0,650.0,1.9897552728652954
327,196.jpg,1280,720,1070,cardboard_box,340.0,0.0,393.0,41.0,1.5313533544540405
328,196.jpg,1280,720,1070,cardboard_box,648.0,1.0,690.0,135.0,1.542215883731842
329,196.jpg,1280,720,1070,cardboard_box,215.0,0.0,276.0,120.0,1.5487005114555359
330,196.jpg,1280,720,1070,cardboard_box,717.0,3.0,753.0,93.0,1.561650574207306
331,196.jpg,1280,720,1070,cardboard_box,688.0,0.0,719.0,56.0,1.8324233889579773
332,196.jpg,1280,720,1100,pallet,291.0,397.0,529.0,461.0,1.9690916538238525
333,196.jpg,1280,720,1100,pallet,81.0,501.0,399.0,666.0,1.979770839214325
334,197.jpg,1280,720,1100,pallet,574.0,631.0,613.0,720.0,1.907336413860321
335,197.jpg,1280,720,2010,forklift,111.0,132.0,345.0,482.0,1.940589725971222
336,197.jpg,1280,720,1100,pallet,1037.0,433.0,1261.0,500.0,1.9699152112007141
337,198.jpg,1280,720,1100,pallet,0.0,675.0,49.0,720.0,1.5762565732002258
338,198.jpg,1280,720,1100,pallet,583.0,530.0,656.0,570.0,1.7949044704437256
339,198.jpg,1280,720,2010,forklift,961.0,340.0,1175.0,630.0,1.8661543726921082
340,198.jpg,1280,720,1100,pallet,522.0,653.0,704.0,720.0,1.944540560245514
341,198.jpg,1280,720,1030,locker,1194.0,376.0,1280.0,612.0,1.9698035717010498
342,198.jpg,1280,720,1100,pallet,682.0,595.0,876.0,663.0,1.9761134386062622
343,199.jpg,1280,720,2010,forklift,0.0,252.0,626.0,719.0,1.488035261631012
344,2.jpg,1280,720,1040,cabinet,632.0,4.0,1280.0,681.0,1.497025042772293
345,2.jpg,1280,720,1070,cardboard_box,431.0,262.0,501.0,316.0,1.5563202500343323
346,2.jpg,1280,720,1070,cardboard_box,132.0,485.0,180.0,527.0,1.7530447840690613
347,2.jpg,1280,720,1100,pallet,1097.0,652.0,1280.0,709.0,1.7673155069351196
348,2.jpg,1280,720,1070,cardboard_box,179.0,424.0,274.0,530.0,1.8672417998313904
349,2.jpg,1280,720,1070,cardboard_box,263.0,477.0,335.0,532.0,1.9138712286949158
350,2.jpg,1280,720,1040,cabinet,449.0,642.0,655.0,720.0,1.931842863559723
351,2.jpg,1280,720,1070,cardboard_box,272.0,422.0,336.0,479.0,1.9489088654518127
352,2.jpg,1280,720,1070,cardboard_box,334.0,402.0,509.0,535.0,1.9629279375076294
353,2.jpg,1280,720,1070,cardboard_box,250.0,585.0,396.0,719.0,1.9650515913963318
354,20.jpg,1280,720,1070,cardboard_box,4.0,155.0,834.0,720.0,1.744212567806244
355,20.jpg,1280,720,1070,cardboard_box,4.0,0.0,886.0,350.0,1.7757179737091064
356,20.jpg,1280,720,1070,cardboard_box,903.0,541.0,1280.0,720.0,1.9546949863433838
357,200.jpg,1280,720,1040,cabinet,1171.0,565.0,1280.0,720.0,1.5812218189239502
358,200.jpg,1280,720,1100,pallet,1036.0,414.0,1274.0,446.0,1.8186358213424683
359,200.jpg,1280,720,1100,pallet,699.0,339.0,1021.0,380.0,1.8311394453048706
360,200.jpg,1280,720,1100,pallet,700.0,304.0,1018.0,347.0,1.8665955662727356
361,201.jpg,1280,720,1100,pallet,890.0,331.0,1111.0,384.0,1.5382641553878784
362,201.jpg,1280,720,1100,pallet,893.0,276.0,1038.0,303.0,1.6775724291801453
363,201.jpg,1280,720,1100,pallet,1091.0,306.0,1264.0,346.0,1.6787148714065552
364,201.jpg,1280,720,1100,pallet,882.0,299.0,1120.0,355.0,1.807711899280548
365,201.jpg,1280,720,1100,pallet,892.0,261.0,1037.0,289.0,1.867207407951355
366,202.jpg,1280,720,1040,cabinet,0.0,45.0,218.0,719.0,1.6591734886169434
367,202.jpg,1280,720,2010,forklift,296.0,70.0,445.0,392.0,1.75160813331604
368,202.jpg,1280,720,1100,pallet,270.0,541.0,371.0,696.0,1.80676931142807
369,202.jpg,1280,720,1100,pallet,1014.0,400.0,1280.0,533.0,1.9769380688667297
370,203.jpg,1280,720,1100,pallet,381.0,293.0,621.0,477.0,1.9201304912567139
371,203.jpg,1280,720,1100,pallet,609.0,394.0,1091.0,587.0,1.9786341786384583
372,205.jpg,1280,720,1100,pallet,1108.0,577.0,1206.0,620.0,1.547049343585968
373,205.jpg,1280,720,1100,pallet,0.0,442.0,51.0,498.0,1.7085875868797302
374,205.jpg,1280,720,2010,forklift,639.0,211.0,931.0,484.0,1.8276124596595764
375,205.jpg,1280,720,1100,pallet,242.0,650.0,499.0,720.0,1.9044829607009888
376,205.jpg,1280,720,1100,pallet,46.0,426.0,181.0,461.0,1.928693175315857
377,206.jpg,1280,720,1100,pallet,1210.0,192.0,1280.0,234.0,1.7056304812431335
378,206.jpg,1280,720,1100,pallet,795.0,204.0,1274.0,284.0,1.7119046449661255
379,206.jpg,1280,720,1100,pallet,4.0,241.0,777.0,514.0,1.8931686878204346
380,206.jpg,1280,720,1100,pallet,7.0,162.0,788.0,345.0,1.92231947183609
381,206.jpg,1280,720,1100,pallet,3.0,384.0,773.0,674.0,1.928419589996338
382,207.jpg,1280,720,1030,locker,673.0,360.0,750.0,644.0,1.823539912700653
383,208.jpg,1280,720,1070,cardboard_box,501.0,58.0,576.0,84.0,1.4907976984977722
384,208.jpg,1280,720,1030,locker,418.0,84.0,636.0,353.0,1.9811241626739502
385,209.jpg,1280,720,1030,locker,797.0,174.0,945.0,384.0,1.9659107327461243
386,209.jpg,1280,720,1030,locker,0.0,236.0,178.0,555.0,1.9732402563095093
387,21.jpg,1280,720,1070,cardboard_box,692.0,321.0,838.0,390.0,1.6412385702133179
388,21.jpg,1280,720,1070,cardboard_box,436.0,400.0,571.0,450.0,1.7857975363731384
389,21.jpg,1280,720,1070,cardboard_box,441.0,358.0,571.0,419.0,1.8227158188819885
390,21.jpg,1280,720,1070,cardboard_box,687.0,375.0,822.0,429.0,1.8655493259429932
391,21.jpg,1280,720,1070,cardboard_box,438.0,491.0,577.0,597.0,1.9795958995819092
392,211.jpg,1280,720,1040,cabinet,524.0,426.0,623.0,719.0,1.6233169436454773
393,211.jpg,1280,720,1030,locker,784.0,205.0,904.0,324.0,1.6295966506004333
394,211.jpg,1280,720,1040,cabinet,0.0,470.0,273.0,720.0,1.6948681473731995
395,211.jpg,1280,720,1030,locker,1.0,210.0,164.0,438.0,1.932517647743225
396,212.jpg,1280,720,1030,locker,1043.0,91.0,1280.0,609.0,1.9514790773391724
397,212.jpg,1280,720,1100,pallet,48.0,263.0,324.0,381.0,1.9791175723075867
398,212.jpg,1280,720,1100,pallet,0.0,516.0,309.0,720.0,1.9937815070152283
399,213.jpg,1280,720,1100,pallet,731.0,369.0,986.0,417.0,1.6033097505569458
400,213.jpg,1280,720,1100,pallet,732.0,340.0,988.0,384.0,1.9298709630966187
401,214.jpg,1280,720,2010,forklift,112.0,0.0,844.0,287.0,1.4992170631885529
402,214.jpg,1280,720,1100,pallet,1.0,379.0,255.0,673.0,1.9133256077766418
403,214.jpg,1280,720,1100,pallet,0.0,305.0,253.0,493.0,1.9561168551445007
404,215.jpg,1280,720,1100,pallet,447.0,559.0,512.0,589.0,1.5134230256080627
405,215.jpg,1280,720,1100,pallet,446.0,569.0,580.0,613.0,1.6456034183502197
406,215.jpg,1280,720,1100,pallet,450.0,526.0,585.0,570.0,1.6859897375106812
407,215.jpg,1280,720,1040,cabinet,931.0,3.0,1279.0,720.0,1.7878389954566956
408,215.jpg,1280,720,2010,forklift,473.0,309.0,868.0,720.0,1.8759498000144958
409,215.jpg,1280,720,1040,cabinet,796.0,377.0,1038.0,720.0,1.9389497637748718
410,215.jpg,1280,720,1100,pallet,0.0,631.0,221.0,720.0,1.9812432527542114
411,217.jpg,1280,720,1100,pallet,218.0,501.0,457.0,585.0,1.7809122204780579
412,217.jpg,1280,720,1100,pallet,929.0,418.0,995.0,462.0,1.851855993270874
413,217.jpg,1280,720,1100,pallet,124.0,440.0,454.0,527.0,1.9222066402435303
414,217.jpg,1280,720,1040,cabinet,311.0,189.0,615.0,438.0,1.9503750205039978
415,22.jpg,1280,720,1070,cardboard_box,151.0,499.0,205.0,518.0,1.4932302832603455
416,22.jpg,1280,720,1070,cardboard_box,157.0,388.0,235.0,464.0,1.7207655310630798
417,22.jpg,1280,720,1070,cardboard_box,1100.0,299.0,1280.0,542.0,1.8858120441436768
418,22.jpg,1280,720,1100,pallet,920.0,589.0,1073.0,625.0,1.9101539254188538
419,22.jpg,1280,720,1070,cardboard_box,1068.0,539.0,1263.0,720.0,1.947105586528778
420,23.jpg,1280,720,1040,cabinet,0.0,1.0,624.0,717.0,1.6074094772338867
421,23.jpg,1280,720,1070,cardboard_box,1089.0,587.0,1254.0,679.0,1.8164493441581726
422,23.jpg,1280,720,1070,cardboard_box,1102.0,521.0,1252.0,604.0,1.95982825756073
423,24.jpg,1280,720,1070,cardboard_box,1241.0,483.0,1278.0,548.0,1.5015813112258911
424,24.jpg,1280,720,1070,cardboard_box,531.0,419.0,578.0,450.0,1.5199507474899292
425,24.jpg,1280,720,1070,cardboard_box,1227.0,369.0,1280.0,456.0,1.6099789142608643
426,24.jpg,1280,720,1070,cardboard_box,990.0,414.0,1129.0,510.0,1.885997235774994
427,24.jpg,1280,720,1070,cardboard_box,0.0,496.0,26.0,582.0,1.8998544216156006
428,24.jpg,1280,720,1070,cardboard_box,1090.0,409.0,1187.0,484.0,1.9232934713363647
429,24.jpg,1280,720,1070,cardboard_box,1004.0,339.0,1087.0,415.0,1.9526202082633972
430,24.jpg,1280,720,1070,cardboard_box,885.0,527.0,976.0,596.0,1.9716103076934814
431,24.jpg,1280,720,1070,cardboard_box,998.0,506.0,1122.0,609.0,1.9766336679458618
432,25.jpg,1280,720,1040,cabinet,343.0,316.0,558.0,642.0,1.6642005443572998
433,26.jpg,1280,720,1070,cardboard_box,1211.0,514.0,1279.0,720.0,1.7606199979782104
434,26.jpg,1280,720,1070,cardboard_box,1046.0,615.0,1234.0,720.0,1.9314570426940918
435,26.jpg,1280,720,1100,pallet,878.0,578.0,1054.0,623.0,1.934238612651825
436,26.jpg,1280,720,1070,cardboard_box,384.0,498.0,584.0,627.0,1.9559165239334106
437,27.jpg,1280,720,1070,cardboard_box,682.0,337.0,1280.0,720.0,1.8397108912467957
438,27.jpg,1280,720,1070,cardboard_box,735.0,3.0,1276.0,396.0,1.8879881501197815
439,28.jpg,1280,720,1070,cardboard_box,508.0,495.0,523.0,592.0,1.4520226120948792
440,28.jpg,1280,720,1070,cardboard_box,370.0,460.0,397.0,492.0,1.4698587656021118
441,28.jpg,1280,720,1070,cardboard_box,1055.0,462.0,1101.0,499.0,1.58437579870224
442,28.jpg,1280,720,1070,cardboard_box,705.0,342.0,767.0,388.0,1.7576587200164795
443,28.jpg,1280,720,1070,cardboard_box,553.0,359.0,678.0,436.0,1.872760534286499
444,28.jpg,1280,720,1040,cabinet,218.0,441.0,336.0,656.0,1.8878042101860046
445,28.jpg,1280,720,1070,cardboard_box,389.0,321.0,512.0,401.0,1.9092435836791992
446,28.jpg,1280,720,1070,cardboard_box,523.0,467.0,604.0,541.0,1.914610743522644
447,28.jpg,1280,720,1070,cardboard_box,343.0,517.0,398.0,582.0,1.9337480664253235
448,28.jpg,1280,720,1070,cardboard_box,406.0,396.0,509.0,495.0,1.953358769416809
449,28.jpg,1280,720,1070,cardboard_box,398.0,494.0,509.0,597.0,1.973376452922821
450,29.jpg,1280,720,1040,cabinet,5.0,0.0,730.0,137.0,1.5717189311981201
451,29.jpg,1280,720,1040,cabinet,656.0,0.0,1280.0,717.0,1.5839553475379944
452,29.jpg,1280,720,1040,cabinet,4.0,88.0,668.0,465.0,1.7512445449829102
453,29.jpg,1280,720,1070,cardboard_box,0.0,470.0,571.0,720.0,1.9885224103927612
454,3.jpg,1280,720,1070,cardboard_box,345.0,167.0,451.0,320.0,1.5143170356750488
455,3.jpg,1280,720,1040,cabinet,2.0,6.0,348.0,327.0,1.5706225037574768
456,3.jpg,1280,720,1070,cardboard_box,3.0,531.0,57.0,550.0,1.6468560099601746
457,3.jpg,1280,720,1070,cardboard_box,1006.0,375.0,1180.0,513.0,1.6563133001327515
458,3.jpg,1280,720,1100,pallet,885.0,547.0,953.0,574.0,1.667136013507843
459,3.jpg,1280,720,1070,cardboard_box,124.0,552.0,331.0,720.0,1.893691062927246
460,3.jpg,1280,720,1070,cardboard_box,35.0,590.0,126.0,719.0,1.944091260433197
461,3.jpg,1280,720,1070,cardboard_box,105.0,319.0,337.0,557.0,1.954759955406189
462,30.jpg,1280,720,1070,cardboard_box,232.0,548.0,411.0,573.0,1.4886865317821503
463,30.jpg,1280,720,1070,cardboard_box,309.0,554.0,414.0,666.0,1.5234299302101135
464,30.jpg,1280,720,1070,cardboard_box,214.0,562.0,305.0,667.0,1.723063349723816
465,31.jpg,1280,720,1070,cardboard_box,395.0,556.0,418.0,717.0,1.5777758955955505
466,31.jpg,1280,720,1040,cabinet,0.0,2.0,377.0,156.0,1.6095261573791504
467,31.jpg,1280,720,1100,pallet,978.0,582.0,1020.0,612.0,1.7159774899482727
468,31.jpg,1280,720,1070,cardboard_box,1032.0,591.0,1199.0,720.0,1.835285484790802
469,31.jpg,1280,720,1070,cardboard_box,429.0,684.0,514.0,720.0,1.9127897024154663
470,31.jpg,1280,720,1070,cardboard_box,1058.0,454.0,1197.0,610.0,1.9352838397026062
471,31.jpg,1280,720,1070,cardboard_box,49.0,559.0,367.0,720.0,1.9531337022781372
472,31.jpg,1280,720,1070,cardboard_box,444.0,547.0,820.0,720.0,1.9644017219543457
473,31.jpg,1280,720,1070,cardboard_box,72.0,338.0,369.0,582.0,1.9864982962608337
474,32.jpg,1280,720,1070,cardboard_box,0.0,279.0,39.0,350.0,1.5116422772407532
475,32.jpg,1280,720,1070,cardboard_box,914.0,460.0,1092.0,574.0,1.6027496457099915
476,32.jpg,1280,720,1070,cardboard_box,17.0,241.0,95.0,352.0,1.6454654932022095
477,32.jpg,1280,720,1070,cardboard_box,723.0,365.0,921.0,484.0,1.8998335003852844
478,32.jpg,1280,720,1070,cardboard_box,14.0,351.0,72.0,484.0,1.9216873049736023
479,33.jpg,1280,720,1070,cardboard_box,302.0,411.0,336.0,463.0,1.5160589218139648
480,33.jpg,1280,720,1070,cardboard_box,274.0,350.0,338.0,446.0,1.6096298694610596
481,33.jpg,1280,720,1070,cardboard_box,271.0,579.0,317.0,658.0,1.6707775592803955
482,33.jpg,1280,720,1070,cardboard_box,87.0,517.0,132.0,535.0,1.706990122795105
483,33.jpg,1280,720,1070,cardboard_box,420.0,471.0,504.0,565.0,1.7695198059082031
484,33.jpg,1280,720,1070,cardboard_box,413.0,383.0,505.0,476.0,1.8466801047325134
485,33.jpg,1280,720,1070,cardboard_box,38.0,504.0,84.0,526.0,1.8804295659065247
486,33.jpg,1280,720,1070,cardboard_box,87.0,592.0,161.0,695.0,1.8812531232833862
487,33.jpg,1280,720,1070,cardboard_box,159.0,582.0,260.0,720.0,1.8888685703277588
488,33.jpg,1280,720,1070,cardboard_box,655.0,296.0,1020.0,662.0,1.9192094206809998
489,33.jpg,1280,720,1070,cardboard_box,151.0,328.0,268.0,442.0,1.9368473887443542
490,33.jpg,1280,720,1070,cardboard_box,141.0,439.0,265.0,587.0,1.9671387672424316
491,34.jpg,1280,720,1070,cardboard_box,1196.0,582.0,1280.0,693.0,1.8801227807998657
492,34.jpg,1280,720,1070,cardboard_box,1146.0,563.0,1278.0,635.0,1.9300088286399841
493,36.jpg,1280,720,2050,str,14.0,0.0,1276.0,527.0,1.5361770987510681
494,36.jpg,1280,720,2050,str,0.0,430.0,365.0,508.0,1.716683566570282
495,36.jpg,1280,720,1100,pallet,3.0,332.0,349.0,400.0,1.7554178833961487
496,37.jpg,1280,720,2010,forklift,1.0,201.0,165.0,540.0,1.76972496509552
497,37.jpg,1280,720,2050,str,0.0,515.0,277.0,627.0,1.865198016166687
498,37.jpg,1280,720,2050,str,669.0,606.0,1065.0,720.0,1.8856131434440613
499,37.jpg,1280,720,1100,pallet,714.0,526.0,1085.0,649.0,1.9255660772323608
500,39.jpg,1280,720,2050,str,760.0,191.0,1280.0,407.0,1.9477981328964233
501,4.jpg,1280,720,1070,cardboard_box,1077.0,596.0,1138.0,625.0,1.450402170419693
502,4.jpg,1280,720,1070,cardboard_box,134.0,471.0,176.0,533.0,1.503253698348999
503,4.jpg,1280,720,1070,cardboard_box,98.0,550.0,150.0,590.0,1.6082448363304138
504,4.jpg,1280,720,1040,cabinet,653.0,6.0,1278.0,654.0,1.6410300135612488
505,4.jpg,1280,720,1070,cardboard_box,745.0,664.0,966.0,719.0,1.6782124042510986
506,4.jpg,1280,720,1070,cardboard_box,1033.0,602.0,1280.0,720.0,1.8227707147598267
507,4.jpg,1280,720,1070,cardboard_box,744.0,493.0,1043.0,706.0,1.9642237424850464
508,41.jpg,1280,720,2050,str,11.0,224.0,315.0,307.0,1.9187416434288025
509,41.jpg,1280,720,2050,str,376.0,264.0,701.0,369.0,1.9750822186470032
510,44.jpg,1280,720,1070,cardboard_box,452.0,595.0,539.0,654.0,1.80149906873703
511,44.jpg,1280,720,1070,cardboard_box,453.0,637.0,567.0,708.0,1.9620662927627563
512,45.jpg,1280,720,2010,forklift,8.0,10.0,994.0,714.0,1.554276704788208
513,46.jpg,1280,720,2010,forklift,0.0,2.0,194.0,254.0,1.8549354076385498
514,46.jpg,1280,720,2050,str,514.0,283.0,1080.0,410.0,1.8954095840454102
515,47.jpg,1280,720,1040,cabinet,1078.0,5.0,1280.0,546.0,1.537367045879364
516,47.jpg,1280,720,1070,cardboard_box,414.0,296.0,522.0,370.0,1.5536742210388184
517,47.jpg,1280,720,1030,locker,188.0,125.0,270.0,345.0,1.6649265885353088
518,47.jpg,1280,720,1030,locker,255.0,123.0,333.0,345.0,1.7737945914268494
519,47.jpg,1280,720,1070,cardboard_box,571.0,359.0,700.0,388.0,1.8007994890213013
520,47.jpg,1280,720,2050,str,1.0,393.0,213.0,453.0,1.8066690564155579
521,47.jpg,1280,720,1030,locker,329.0,118.0,421.0,358.0,1.817602515220642
522,47.jpg,1280,720,1070,cardboard_box,500.0,302.0,569.0,379.0,1.8907140493392944
523,47.jpg,1280,720,1030,locker,115.0,126.0,190.0,345.0,1.916917622089386
524,47.jpg,1280,720,2050,str,217.0,499.0,704.0,672.0,1.9672842025756836
525,48.jpg,1280,720,1070,cardboard_box,0.0,47.0,448.0,432.0,1.4519695043563843
526,49.jpg,1280,720,1030,locker,705.0,296.0,789.0,479.0,1.4535219371318817
527,49.jpg,1280,720,1070,cardboard_box,864.0,376.0,886.0,464.0,1.491113007068634
528,49.jpg,1280,720,1070,cardboard_box,881.0,391.0,905.0,473.0,1.4952011704444885
529,49.jpg,1280,720,1070,cardboard_box,900.0,424.0,1022.0,522.0,1.6433448195457458
530,49.jpg,1280,720,1100,pallet,0.0,386.0,228.0,547.0,1.7361488342285156
531,49.jpg,1280,720,1030,locker,710.0,71.0,853.0,334.0,1.8466317057609558
532,49.jpg,1280,720,1030,locker,780.0,96.0,944.0,379.0,1.8844879269599915
533,49.jpg,1280,720,2050,str,0.0,470.0,297.0,661.0,1.8977775573730469
534,49.jpg,1280,720,1030,locker,641.0,63.0,748.0,290.0,1.916489064693451
535,49.jpg,1280,720,1070,cardboard_box,869.0,305.0,964.0,400.0,1.93222576379776
536,49.jpg,1280,720,1070,cardboard_box,902.0,334.0,1031.0,446.0,1.937324583530426
537,5.jpg,1280,720,1040,cabinet,642.0,2.0,1278.0,656.0,1.6161709427833557
538,5.jpg,1280,720,1070,cardboard_box,0.0,353.0,90.0,465.0,1.9432497024536133
539,5.jpg,1280,720,1100,pallet,885.0,627.0,1205.0,680.0,1.953338623046875
540,50.jpg,1280,720,1040,cabinet,0.0,26.0,90.0,324.0,1.4950871765613556
541,50.jpg,1280,720,1040,cabinet,1.0,7.0,227.0,317.0,1.5383533835411072
542,50.jpg,1280,720,2010,forklift,208.0,35.0,415.0,325.0,1.973361074924469
543,51.jpg,1280,720,1030,locker,426.0,486.0,594.0,720.0,1.5301456451416016
544,51.jpg,1280,720,1030,locker,490.0,495.0,807.0,720.0,1.6485214233398438
545,51.jpg,1280,720,1030,locker,420.0,214.0,852.0,526.0,1.8459428548812866
546,52.jpg,1280,720,1040,cabinet,1060.0,628.0,1279.0,720.0,1.4505415260791779
547,53.jpg,1280,720,1100,pallet,3.0,314.0,1268.0,715.0,1.6997682452201843
548,54.jpg,1280,720,1030,locker,694.0,238.0,762.0,424.0,1.7091569304466248
549,54.jpg,1280,720,1070,cardboard_box,987.0,440.0,1088.0,471.0,1.7241811156272888
550,54.jpg,1280,720,1030,locker,633.0,233.0,698.0,415.0,1.7620975971221924
551,54.jpg,1280,720,1030,locker,544.0,233.0,633.0,403.0,1.765724003314972
552,54.jpg,1280,720,1070,cardboard_box,919.0,392.0,995.0,454.0,1.8077329397201538
553,54.jpg,1280,720,1030,locker,761.0,236.0,834.0,432.0,1.8119621872901917
554,55.jpg,1280,720,1100,pallet,38.0,47.0,471.0,253.0,1.7204034328460693
555,55.jpg,1280,720,2050,str,75.0,160.0,455.0,362.0,1.9371815919876099
556,56.jpg,1280,720,1100,pallet,697.0,571.0,912.0,619.0,1.609180212020874
557,56.jpg,1280,720,1100,pallet,697.0,633.0,910.0,697.0,1.6326866149902344
558,56.jpg,1280,720,1100,pallet,694.0,601.0,911.0,664.0,1.653024971485138
559,56.jpg,1280,720,2050,str,1163.0,500.0,1279.0,537.0,1.9481907486915588
560,57.jpg,1280,720,1100,pallet,1005.0,291.0,1263.0,565.0,1.4504936039447784
561,57.jpg,1280,720,1070,cardboard_box,0.0,70.0,73.0,137.0,1.5994139909744263
562,57.jpg,1280,720,1070,cardboard_box,1006.0,290.0,1267.0,566.0,1.6974053978919983
563,57.jpg,1280,720,1070,cardboard_box,99.0,220.0,262.0,380.0,1.7280897498130798
564,57.jpg,1280,720,1070,cardboard_box,1.0,0.0,71.0,74.0,1.742091953754425
565,57.jpg,1280,720,2010,forklift,0.0,198.0,310.0,669.0,1.9285075664520264
566,58.jpg,1280,720,1040,cabinet,0.0,257.0,114.0,558.0,1.8020628690719604
567,59.jpg,1280,720,2050,str,755.0,525.0,1258.0,616.0,1.7743163704872131
568,6.jpg,1280,720,1040,cabinet,0.0,48.0,675.0,688.0,1.5104421377182007
569,6.jpg,1280,720,1040,cabinet,670.0,0.0,1280.0,720.0,1.8611556887626648
570,60.jpg,1280,720,1100,pallet,168.0,513.0,519.0,658.0,1.8018751740455627
571,60.jpg,1280,720,2050,str,1083.0,314.0,1280.0,363.0,1.8500433564186096
572,60.jpg,1280,720,1040,cabinet,217.0,171.0,531.0,377.0,1.8869978785514832
573,61.jpg,1280,720,1100,pallet,321.0,596.0,572.0,678.0,1.78913015127182
574,62.jpg,1280,720,2050,str,393.0,512.0,619.0,566.0,1.9328044652938843
575,62.jpg,1280,720,2050,str,681.0,546.0,943.0,613.0,1.9580974578857422
576,63.jpg,1280,720,1070,cardboard_box,511.0,466.0,619.0,498.0,1.565384566783905
577,63.jpg,1280,720,1030,locker,52.0,260.0,144.0,467.0,1.7740746140480042
578,63.jpg,1280,720,1030,locker,136.0,260.0,227.0,468.0,1.8229138255119324
579,63.jpg,1280,720,1030,locker,0.0,258.0,55.0,465.0,1.881170928478241
580,63.jpg,1280,720,1070,cardboard_box,434.0,422.0,503.0,487.0,1.9114590287208557
581,63.jpg,1280,720,1040,cabinet,955.0,237.0,1126.0,496.0,1.9159861207008362
582,63.jpg,1280,720,2050,str,28.0,577.0,278.0,671.0,1.926104485988617
583,63.jpg,1280,720,1030,locker,224.0,258.0,342.0,473.0,1.940579891204834
584,64.jpg,1280,720,1070,cardboard_box,947.0,499.0,1076.0,627.0,1.4797301888465881
585,64.jpg,1280,720,1070,cardboard_box,948.0,587.0,1065.0,654.0,1.8278882503509521
586,64.jpg,1280,720,1070,cardboard_box,1197.0,640.0,1280.0,703.0,1.8286229968070984
587,64.jpg,1280,720,1070,cardboard_box,1090.0,631.0,1191.0,698.0,1.9086331725120544
588,64.jpg,1280,720,1070,cardboard_box,1160.0,589.0,1249.0,649.0,1.9354443550109863
589,64.jpg,1280,720,1030,locker,619.0,206.0,799.0,574.0,1.9518882036209106
590,64.jpg,1280,720,1030,locker,256.0,194.0,676.0,549.0,1.9689804911613464
591,64.jpg,1280,720,1070,cardboard_box,777.0,465.0,941.0,610.0,1.9867107272148132
592,66.jpg,1280,720,1070,cardboard_box,1221.0,295.0,1280.0,720.0,1.631468653678894
593,66.jpg,1280,720,1070,cardboard_box,969.0,589.0,1023.0,653.0,1.7155312299728394
594,66.jpg,1280,720,1070,cardboard_box,896.0,515.0,1017.0,621.0,1.7244032621383667
595,66.jpg,1280,720,1030,locker,648.0,262.0,814.0,504.0,1.7950547933578491
596,66.jpg,1280,720,1030,locker,597.0,259.0,667.0,465.0,1.8095165491104126
597,66.jpg,1280,720,1030,locker,703.0,282.0,895.0,548.0,1.9169083833694458
598,66.jpg,1280,720,1070,cardboard_box,839.0,482.0,961.0,576.0,1.974188506603241
599,67.jpg,1280,720,1100,pallet,505.0,249.0,764.0,288.0,1.458146572113037
600,67.jpg,1280,720,2050,str,518.0,416.0,738.0,525.0,1.5562607049942017
601,67.jpg,1280,720,2010,forklift,0.0,65.0,188.0,465.0,1.6687682271003723
602,68.jpg,1280,720,1040,cabinet,64.0,227.0,353.0,541.0,1.5639406442642212
603,68.jpg,1280,720,2050,str,675.0,508.0,938.0,571.0,1.9110411405563354
604,68.jpg,1280,720,2050,str,723.0,410.0,871.0,452.0,1.9439715147018433
605,68.jpg,1280,720,2050,str,452.0,421.0,624.0,472.0,1.9447752237319946
606,68.jpg,1280,720,1030,locker,1181.0,230.0,1279.0,410.0,1.9516431093215942
607,69.jpg,1280,720,1030,locker,791.0,185.0,861.0,443.0,1.523772656917572
608,69.jpg,1280,720,1030,locker,726.0,186.0,799.0,372.0,1.6793269515037537
609,69.jpg,1280,720,2050,str,95.0,382.0,211.0,425.0,1.6804917454719543
610,69.jpg,1280,720,1030,locker,674.0,187.0,748.0,367.0,1.7847557663917542
611,69.jpg,1280,720,1030,locker,622.0,190.0,678.0,364.0,1.8073197603225708
612,7.jpg,1280,720,1070,cardboard_box,614.0,402.0,950.0,609.0,1.5245805382728577
613,7.jpg,1280,720,1070,cardboard_box,1032.0,453.0,1089.0,502.0,1.8064706921577454
614,7.jpg,1280,720,1070,cardboard_box,1075.0,384.0,1127.0,432.0,1.9095356464385986
615,71.jpg,1280,720,2050,str,87.0,341.0,598.0,435.0,1.7228882312774658
616,71.jpg,1280,720,2010,forklift,534.0,56.0,922.0,419.0,1.8717949986457825
617,72.jpg,1280,720,2050,str,673.0,563.0,846.0,621.0,1.6547275185585022
618,72.jpg,1280,720,2010,forklift,480.0,294.0,723.0,539.0,1.6888879537582397
619,73.jpg,1280,720,1040,cabinet,397.0,3.0,808.0,463.0,1.789225697517395
620,73.jpg,1280,720,1040,cabinet,1.0,0.0,308.0,487.0,1.9790450930595398
621,74.jpg,1280,720,1030,locker,1.0,13.0,39.0,351.0,1.562975823879242
622,74.jpg,1280,720,1070,cardboard_box,390.0,287.0,445.0,321.0,1.6929808855056763
623,74.jpg,1280,720,1040,cabinet,681.0,4.0,1132.0,263.0,1.700291395187378
624,74.jpg,1280,720,1070,cardboard_box,66.0,254.0,166.0,347.0,1.8423579931259155
625,74.jpg,1280,720,1070,cardboard_box,327.0,300.0,395.0,333.0,1.9080395698547363
626,74.jpg,1280,720,1070,cardboard_box,194.0,249.0,298.0,337.0,1.9491207599639893
627,75.jpg,1280,720,1030,locker,661.0,439.0,724.0,619.0,1.6004199981689453
628,75.jpg,1280,720,1030,locker,617.0,442.0,676.0,616.0,1.6881680488586426
629,75.jpg,1280,720,1030,locker,571.0,452.0,621.0,620.0,1.722031831741333
630,75.jpg,1280,720,1030,locker,720.0,429.0,779.0,635.0,1.8488892912864685
631,76.jpg,1280,720,1100,pallet,0.0,1.0,663.0,259.0,1.4853249788284302
632,77.jpg,1280,720,2050,str,0.0,579.0,1125.0,720.0,1.52479749917984
633,79.jpg,1280,720,2050,str,713.0,652.0,858.0,696.0,1.7084429860115051
634,79.jpg,1280,720,1030,locker,350.0,389.0,547.0,617.0,1.8344210386276245
635,79.jpg,1280,720,1030,locker,246.0,390.0,351.0,603.0,1.8808936476707458
636,79.jpg,1280,720,1030,locker,143.0,391.0,248.0,596.0,1.8844168186187744
637,8.jpg,1280,720,1040,cabinet,632.0,33.0,1149.0,632.0,1.537283480167389
638,8.jpg,1280,720,2010,forklift,0.0,0.0,433.0,470.0,1.5764894485473633
639,8.jpg,1280,720,1070,cardboard_box,457.0,401.0,502.0,460.0,1.7344714403152466
640,8.jpg,1280,720,1100,pallet,910.0,569.0,1134.0,599.0,1.8021088242530823
641,8.jpg,1280,720,1070,cardboard_box,1077.0,86.0,1279.0,589.0,1.8407182097434998
642,8.jpg,1280,720,1070,cardboard_box,1108.0,582.0,1280.0,720.0,1.8879033327102661
643,8.jpg,1280,720,1070,cardboard_box,312.0,494.0,381.0,555.0,1.91392183303833
644,8.jpg,1280,720,1070,cardboard_box,634.0,655.0,1038.0,720.0,1.9341747164726257
645,8.jpg,1280,720,1070,cardboard_box,1130.0,1.0,1280.0,158.0,1.9404886364936829
646,80.jpg,1280,720,1070,cardboard_box,0.0,2.0,74.0,312.0,1.4868219196796417
647,80.jpg,1280,720,2010,forklift,29.0,3.0,743.0,211.0,1.5637177228927612
648,81.jpg,1280,720,1040,cabinet,0.0,2.0,241.0,385.0,1.5560246706008911
649,83.jpg,1280,720,2050,str,959.0,521.0,1280.0,645.0,1.6435558795928955
650,83.jpg,1280,720,2050,str,560.0,532.0,746.0,567.0,1.94280344247818
651,84.jpg,1280,720,2050,str,629.0,403.0,876.0,478.0,1.5154688954353333
652,84.jpg,1280,720,2050,str,993.0,350.0,1194.0,388.0,1.5793171525001526
653,84.jpg,1280,720,2050,str,0.0,455.0,203.0,585.0,1.8286836743354797
654,84.jpg,1280,720,1100,pallet,605.0,351.0,876.0,408.0,1.8363636136054993
655,84.jpg,1280,720,1100,pallet,611.0,321.0,874.0,376.0,1.8709743022918701
656,88.jpg,1280,720,2050,str,1027.0,550.0,1280.0,718.0,1.9565942287445068
657,9.jpg,1280,720,1070,cardboard_box,512.0,386.0,617.0,606.0,1.5000848174095154
658,9.jpg,1280,720,1100,pallet,1134.0,681.0,1234.0,720.0,1.6086151599884033
659,9.jpg,1280,720,1070,cardboard_box,33.0,513.0,95.0,574.0,1.6418685913085938
660,9.jpg,1280,720,1040,cabinet,689.0,0.0,1279.0,704.0,1.7245870232582092
661,9.jpg,1280,720,1070,cardboard_box,204.0,667.0,460.0,720.0,1.8790534138679504
662,9.jpg,1280,720,1070,cardboard_box,91.0,426.0,237.0,584.0,1.8910325169563293
663,9.jpg,1280,720,1070,cardboard_box,334.0,382.0,617.0,608.0,1.9188745617866516
664,9.jpg,1280,720,1070,cardboard_box,221.0,507.0,338.0,596.0,1.9410150647163391
665,9.jpg,1280,720,1070,cardboard_box,237.0,420.0,341.0,509.0,1.9459253549575806
666,91.jpg,1280,720,2050,str,509.0,479.0,684.0,543.0,1.609584391117096
667,91.jpg,1280,720,1040,cabinet,264.0,188.0,563.0,435.0,1.7929962277412415
668,91.jpg,1280,720,2010,forklift,1119.0,221.0,1280.0,508.0,1.809647798538208
669,92.jpg,1280,720,1100,pallet,0.0,264.0,41.0,328.0,1.7282242178916931
670,92.jpg,1280,720,2050,str,737.0,536.0,1165.0,707.0,1.9854203462600708
671,95.jpg,1280,720,2050,str,788.0,370.0,973.0,403.0,1.5136168003082275
672,95.jpg,1280,720,2050,str,1065.0,380.0,1265.0,414.0,1.5212152004241943
673,95.jpg,1280,720,2050,str,335.0,454.0,766.0,550.0,1.9114614129066467
674,96.jpg,1280,720,1030,locker,395.0,424.0,755.0,536.0,1.861706256866455
675,97.jpg,1280,720,2050,str,1095.0,330.0,1280.0,472.0,1.571600615978241
676,97.jpg,1280,720,2050,str,0.0,446.0,278.0,620.0,1.7736579179763794
677,97.jpg,1280,720,2050,str,1119.0,493.0,1280.0,713.0,1.8838245272636414
678,98.jpg,1280,720,2010,forklift,415.0,276.0,625.0,367.0,1.5075628161430359
679,98.jpg,1280,720,1100,pallet,781.0,524.0,1129.0,717.0,1.7288511395454407
680,98.jpg,1280,720,2050,str,728.0,412.0,957.0,510.0,1.9386223554611206
681,99.jpg,1280,720,1070,cardboard_box,514.0,432.0,642.0,540.0,1.5569342374801636
682,99.jpg,1280,720,1040,cabinet,1043.0,0.0,1280.0,323.0,1.5749731659889221
683,99.jpg,1280,720,1070,cardboard_box,390.0,484.0,534.0,596.0,1.901176393032074
